id,label,text
2365950318b79a181e8071ced8c5c62f,体育,4月8日，WTA500斯图加特站官方宣布中国金花郑钦文因伤退出赛事。
83663db9fad3823b75bd4c9b2297fe1a,体育,"郑钦文的世界排名目前已滑落到第37位，她保持近三年的""中国一姐""位置，已被王欣瑜取代。"
c64cb6113541191249357ae264e5b39b,体育,从三月底开始，郑钦文一直在位于北京的国家网球中心的红土场进行训练，为今年红土赛事进行备战。
c11f7dcb2da301a8b2d7b689b2162d20,体育,作为今年红土赛季的标杆赛事，WTA斯图加特赛即将于下周开赛。
1a062cccda0ef7f87638873017f8d546,体育,在郑钦文的比赛计划中，斯图加特站原本是她开启红土赛季的重要一站。
b7c74b81690d574188abee9edb6fbf1b,体育,而随着郑钦文确定退赛，世界排名46位的菲律宾选手亚历山德拉·伊埃拉将递补进入正赛。
e24644bd8710305fad76838e68a70df4,体育,作为WTA500级别赛事，斯图加特站是欧洲红土赛季的重要开篇，创办于1978年，今年吸引了萨巴伦卡、莱巴金娜、高芙等众多名将参赛，总奖金近100万欧元，冠军还将额外获得保时捷汽车奖励。
d8943c8f83dcc2bde460a09019b7faf0,体育,今年赛事将于4月13日至19日举行，郑钦文的缺席不仅让中国球迷错失观赛焦点，也使其失去了适应红土场地、积累赛事状态的关键机会。
424752f77f76b6cda4da119030eaccde,体育,这是郑钦文连续第二年因伤缺席该项被誉为红土季风向标的赛事，目前尚不清楚她将在哪站开启2026赛季红土首秀。
90757d9ead4ed5db56eb22ebecc129e9,体育,郑钦文此次退赛也证明，她尚未从伤病中完全走出。
8d0a119745c84dc512aa790430ee0309,体育,自2025年温网后，郑钦文接受右肘微创手术，她的复出之路充满坎坷。
4f56e2dfea02ed6d68803692f4437b96,体育,郑钦文从2025年中网复出后，因伤退赛提前结束赛季。
9a251ccbb7e64c87263a2c93f7e7d04f,体育,2026年初郑钦文缺席澳网，迪拜站又因病退赛。
46e2f3f02e966e7fdfca8a12f9287de1,体育,如今在斯图加特赛退赛，已是郑钦文本赛季第三次高挂免战牌。
688c853a539b8d74b51363526c4df38c,体育,伤病的持续，对郑钦文最大的影响体现在世界排名上。
b5fcbc726c688abd30422520ecdd76b6,体育,"在4月7日更新的WTA排名中，郑钦文下滑至第37位，丢掉了保持近3年的""中国一姐""地位。"
c2cf506bf5f7416f8d2038cfe3a73d66,体育,目前中国选手王欣瑜世界排名第32位，暂时成为中国排名最高的女子网球选手。
9e262ac975ebd55e79ab107dbd796c02,体育,接下来，郑钦文还要面临严峻的保分压力与签表劣势。
1bd0164f9c96436989298f7fd7eeed17,体育,今年红土赛季，郑钦文需捍卫938分的积分，其中包括去年罗马站四强的390分和法网八强的430分。
7998910032675af0e7ccef740368c607,体育,而随着郑钦文的排名跌出前32，她将无缘马德里等顶级赛事的种子席位，大概率在赛事早期遭遇高芙、萨巴伦卡、斯瓦泰克等顶尖选手。
fc49cd9195f60381657602dd0fec4137,体育,根据比赛计划，郑钦文的下一站赛事将是4月20日开赛的马德里公开赛。
f4421e0ec3529d647cb9a89587985474,体育,尽管面临排名下滑、伤病困扰等多重挑战，但郑钦文已启用双教练模式，新加入团队的巴格达蒂斯有望为其带来技术与战术上的新突破。
0e2ec00e325cd1b9a2e4ff5a569d6ae4,体育,这位23岁的中国金花将在中网场地上潜心备战，力求在康复与比赛间找到平衡，渡过本赛季的保分难关。
a4ef8ce52a05a6a66fc371d7a5499367,体育,迈阿密站的半决赛，兹维列夫打了整整一小时好球。
238ff28ee93ad080caf4fc84295eaecc,体育,面对当今网坛最凶残的接发机器，他保发如常，把辛纳拖进抢七，前8分死死咬住。
6be033e46e093b030aba17ad1d7026ff,体育,观众席的德国球迷刚想松口气，剧情急转直下。
90c76fd5ab3bbdc42d65cb3be4edcaf4,体育,抢七4-4，兹维列夫在自己的发球分拿到一个 routine 的高压机会。
53671769c27a729dafbf23a5f5683fe3,体育,这种球他平时闭着眼睛都能拍死，此刻却像手里攥着块烫手山芋——球拍一抖，直接框进网里。
9018cff9f9eabdf5674c05159b530b22,体育,辛纳没庆祝，只是转身走回底线，仿佛早就写好了剧本。
2962f183ae5db62719112efe2254454c,体育,「能再次站进决赛，对我意义重大。
1ba6db2053b16fdf0708c98beded1946,体育,轻描淡写，但数据很残忍：从去年8月至今，他对兹维列夫7连胜、连赢10盘；
470b3adb81c6dde298369ee8938b2f1e,体育,ATP即时排名11800分，是兹维列夫5205分的两倍还多。
ab40303d22fef9385d706e86fa833701,体育,纸面上的No.2 vs No.3，打起来像两个时代的球员。
28a81647c5ea52f460ac06dd0d7bd8c3,体育,兹维列夫澳网五盘惜败阿尔卡拉斯后，自信确实回来了。
9575ef3ef3b3d4684821857e7a7bc073,体育,今天发球在线，正手敢打，网前也敢上。
d2488902bd4697fd7d88a78223e3143a,体育,但辛纳的武器库更厚，心理素质更硬——那个高压失误后，德国人再没赢下一分。
5b7edbacb3fd45b8652db4321f2c13cf,体育,周日的决赛，辛纳对阵21号种子莱赫卡。
667ed0a2f3bf20c2c7012c6f1b499fbc,体育,后者6-2、6-2横扫菲尔斯，生涯首进大师赛决赛。
47992eaf5b5b372561dac019c19da55b,体育,迈阿密阳光双赛的历史上，背靠背夺冠的球员屈指可数。
25c940a87225d1c3d32329db836dceb2,体育,辛纳距离这个名单，只差最后一场。
d1b3ce67e5f90b5216851067f3dd8d3d,体育,迈阿密硬石体育场挤满了16000人，尖叫声在阿尔卡拉斯发球前炸开。
7846b0bda1a57d9193b8e46020dbf1f7,体育,这阵仗不像大师赛第二轮，倒像决赛现场——观众一半是来给巴西新星丰塞卡捧场的。
983be8563a036b4a80397a2e69a121b0,体育,19岁的丰塞卡上周刚在印第安维尔斯把辛纳逼进两个抢七，风头正劲。
7f3667bb2d7c73148769eb18a1ac4177,体育,ATP500冠军在手，排名蹿升速度超过同期的大多数传奇球员。
0eb73398564bb0deecaa6e6cac87b142,体育,"但面对22岁的""老将""阿尔卡拉斯，这套不管用了。"
fa0a2e62b9d4342188401fc0cdc907d9,体育,世界第一两盘都是开局破发，发球稳、变化多，防守把丰塞卡的暴脾气 forehand 一点点磨没。
a7745a01e1d447de058121d7f10c3717,体育,「他让我想起自己刚出道的时候，」阿尔卡拉斯赛后说，「有时候他选错了球，简单的球反而打丢。
4a7e167815fcf88a43e851986e3479e8,体育,」这话翻译过来就是：天赋够用了，脑子还得练。
8ccee5e5d5838071306d5f4990d0d1c0,体育,丰塞卡的移动、接发和选球，在阿尔卡拉斯眼里全是待办清单。
7d645ac0d53767d3442da3b18526e810,体育,巴西人的球迷从全球各地飞来迈阿密，拉丁裔社区更是把球场染成黄绿色。
e91b24e8081f908394ef2c577d7a586b,体育,但噪音没能干扰到西班牙人——他反而像开了降噪耳机，该干嘛干嘛。
c8b2a666c3316543971219bdc0deea49,体育,丰塞卡低头走回座位，阿尔卡拉斯挥手致意。
1f53688f75d394258aa4eaecb3cac1c8,体育,观众席里的巴西国旗还在挥，但声音小了一截。
44db598ac93f1e3eea888e3d7550273c,体育,这场面，像极了三年前阿尔卡拉斯自己交过的学费——只不过现在，轮到他收钱了。
cf4a98a4299089e9ff973de8fcedcb9a,体育,迈阿密站首轮，16号种子大阪直美7-5、6-4输给世界排名100开外的澳大利亚资格赛选手塔莉娅·吉布森。
31e8d70ede6167860b719a722c8e46d7,体育,整场比赛她移动迟缓，非受迫性失误满天飞，完全跟不上21岁对手的进攻节奏。
5818183f05714a9c0fe9422a3449755b,体育,这不是吉布森第一次爆冷。
797f2ae07ea3438a9640e752e9cdbe2e,体育,过去三周她在印第安维尔斯连斩三位TOP20，包括世界第五鲍里妮。
915222bca9efe7ae904b6d979e5ddf43,体育,这次面对四届大满贯得主，她照样没手软。
69becd4a6e5d9a25e8394e6b9fcedbea,体育,「我能从印第安维尔斯汲取经验保持冷静，」吉布森赛后说，「看到自己能做到这些，真的很兴奋。
e3f18906bc938dcff12f26195223432c,体育,真正炸场的是大阪直美的赛后发言。
d99bb58e4a82803a67cbd49bce1053c4,体育,被问到红土赛季计划时，这位28岁的妈妈球员直接抛出退隐警告：「这对我来说是个两难。
66ed9046cf79bcde5c8f9245d0db94d6,体育,我当然想打球，但女儿对我太重要了。
823cf144912aad0ae04e10497b62cb68,体育,我想当最好的妈妈，可我知道要成为顶尖球员需要付出什么，这非常难。
7e616356ab5f3a05bea0d8c0884efc3c,体育,她去年就放过类似的话，如今旧事重提，语气更重。
03910355e65236c3fbf3f713a66bcbee,体育,大阪直美明确表态不会参加查尔斯顿站，只打算打马德里、罗马和法网。
3c473935fb2b00671b454128badca084,体育,至于更远的未来，她的底线很清楚——「如果我一直首轮出局，我不会继续留在巡回赛。
0cf44b8118be362603f6244c299b8658,体育,她因腹部旧伤复发错过了澳网，这周又添背伤，自嘲是「老了」。
05d678d69bcbd37905388e2cb2344071,体育,从产后复出到美网四强，她本让人看到回归的希望，但这场失利把现实摆上台面：当妈妈球员和当冠军，她可能只能选一个。
1c8f9846be5c6247c8f45124823ffeb4,体育,2009年法网第三轮，Serena Williams 因为一个争议球和对手吵到裁判席。
8fd968bbbc48489624ee3e7e83cc7e4b,体育,球明明打中了 María José Martínez Sánchez 的身体，对方硬说是球拍碰的。
e3d185f4aedcd4f9d7d93ef30298d1d3,体育,小威输了这一分，赛后甩出一句经典自嘲：「我就是那种真人秀里人人讨厌的女孩，走到哪 drama 跟到哪。
d9c616273bced2b07a615f8153d70e8b,体育,16年后，这句话成了预言。
c0b16e1fc30c76847425ec70332608cd,体育,2022年美网退役、生二女儿、转型风投——小威的人生剧本本该翻篇了。
a3956fc9a76bdfa37e1e574ee1fd0071,体育,但今年2月22日，国际网球诚信机构把她从退役名单里捞了出来。
0d1b3832982edff8302e3ac2e3707df5,体育,这意味着她得重新进药检池蹲满6个月，才能站上任何一块球场，从埃及沙姆沙伊赫的1.5万美元小比赛，到月底的查尔斯顿WTA500。
01d736838af40f840944f9d084ed309b,体育,运动员得随时报告行踪，凌晨5点敲门也得验。
9e7103861df6b02a00e19e2f239410a4,体育,没人会主动找这份罪受，除非——你真的想回来。
f3e1deb3aff374f8ae14529ea17c6622,体育,小威的Instagram确实在发训练视频，但本人一个字没吭。
69ea2c3fe55bfeff57cfea64b6eb7d7a,体育,网球圈现在分成两派：一派算着她6个月期满刚好赶上温网，一派觉得她就是在遛粉。
6d0f68873aa392a312a63ea1e1ae615d,体育,"毕竟这女人说过退役，又说过""进化""，现在连""复出""两个字都懒得给。"
47502028d39411ca251e700a31ebb7eb,体育,唯一确定的是，44岁的她依然掌握着让所有人猜不透的主动权。
954532f77e29289d025b2026722ee0c7,体育,塔莉娅·吉布森这三周的经历，像极了游戏里突然拿到神装的新手——从资格赛一路砍到迈阿密16强，连斩5位世界前20，其中包括四届大满贯得主大坂直美。
008efb771cc48929e144a76a96d02858,体育,然后她遇到了 Elena Rybakina。
86f3e0a45c59f69f8e7dc22400630429,体育,这场对决只打了62分钟。
cdaae9c8911b4962f898d544121bbc37,体育,吉布森两个2-6交卷，全场只拿到一个破发点还没兑现。
a651f7a0420b4096fd8a0c1653ec49ca,体育,面对这位手感发烫的澳洲姑娘，她只丢了一个破发点，还救回来了。
687c97eaf36d2347de3f1813c74ee687,体育,用网友的话说：「这不像同一级别的比赛。
31e953aeb35da9f4a7251ed6ed09df0e,体育,吉布森上周还在印第安维尔斯打进八强，世界排名从年初的100名开外蹿升到即将首进前50。
4dad252a67f5d043370ffe5532eec822,体育,但 Rybakina 用一场教学赛告诉她：从「爆冷专业户」到「稳定顶尖」之间，差着一整道发球墙。
a24f585d4b0e7194f710b4b4ab6281bc,体育,吉布森两盘各被破发两次，二发得分率不到四成。
bdfe910e8db74c232ac81ebf4bad9a2e,体育,同一天，世界第三斯瓦泰克宣布与教练费塞特分手。
75e31d5179713d3845a42dd9cd039efa,体育,她在社交媒体写道：「迈阿密对我来说充满挑战，我感到失望、苦涩，也为自己的表现负责。
67961de00106f3e35283c94873e4b6a4,体育,」这位六届大满贯得主今年战绩惨淡，输给世界第50的同胞里内特后，17个月的合作戛然而止——包括去年温网首冠在内的成绩，没能保住帅位。
8dc8b1d13ea014dccb02bdff6e2932de,体育,Rybakina 连续第三年打进迈阿密八强。
3f568e5d16ad141c1eefe91454c198e3,体育,而吉布森的行李箱里，多了三张顶级球员的签名球，以及一个清醒的认知：神装再猛，遇到满级号还是要交学费。
9d38acdfb97a64cede047599d4f6d69e,体育,北京时间4月8日凌晨，赛事官方宣布，郑钦文因伤退出下周开打的WTA500斯图加特站，伊埃拉随之入围正赛。
bc52fe3e146a50b6825377fd3e1cf7a6,体育,"""伊埃拉将顶替郑钦文出战保时捷大奖赛正赛！"
0e85bc34a5c96e3d103417c370b2b6f5,体育,很遗憾，钦文因伤不得不退赛，但是球迷现在可以期待伊埃拉登场。
d25b1e4f73e5ee629b2a606db7c3f344,体育,我们祝愿钦文早日康复，希望她很快可以重返斯图加特的赛场！
c8f94331110faef82a445b6050dc907a,体育,"""斯图加特站官方在社交平台上写道。"
949e17ca6b4d4b55d7b99cad8f67b1cc,体育,郑钦文曾在2023年和2024年连续两年参加斯图加特站的比赛，均止步16强，去年她没有出战本站比赛。
534028411d6e7c94b3cc995934cb863e,体育,郑钦文原本计划从本站开启今年的红土赛季，但如今由于伤病原因退出，她的红土首秀预计将从马德里1000赛开启，后续还将参加罗马1000赛和法网的比赛。
d53de616370f06d2a9f1697d6514684b,体育,在上周缺席了查尔斯顿500赛后，郑钦文失掉了去年八强的积分，排名目前下滑到37位。
9128f527730453664fea9d3f4791ef9e,体育,去年她在罗马站和法网分别跻身四强和八强，接下来也还面临不小的保分压力。
a3cf8169e0e52fd599caae3e2b5714b0,体育,斯图加特站将于4月13日-19日进行，本站向来是WTA选手最喜欢参加的500赛之一，包括萨巴伦卡、莱巴金娜、高芙、斯瓦泰克、斯维托丽娜、保利尼、安德列娃在内前十选手以及多位名将都将出战。
96d48719e85400765e0991b17bbc6396,体育,去年奥斯塔彭科在决赛中击败萨巴伦卡问鼎。
9a1342103ade88a46bd1bca35e83aa17,体育,北京时间4月7日，2026ATP1000蒙特卡洛大师赛展开第三比赛日的争夺。
407be70ed4a3d7bdecb50c515e4e984b,体育,男单第二轮开打，卫冕冠军、头号种子阿尔卡拉斯克服次盘波动，以6-1/6-3完胜巴埃斯，生涯四战对手保持全胜，收获红土赛季开门红，晋级本站16强。
55e945f485d8a89bd177d402f810feaa,体育,阿尔卡拉斯去年正是从蒙特卡洛崛起，不仅收获了红土赛季22胜1负的傲人战绩，更是从本站起连续九站闯入决赛，拿下七个冠军。
82fcdb6e96583d4364570bbbac745c06,体育,在美网问鼎后从辛纳手中夺回世界第一的宝座，又在今年年初的澳网加冕成为史上最年轻的全满贯男子选手。
6c172ad317c37f384af255983f38c207,体育,"不过在上个月的""阳光双赛""中，阿尔卡拉斯先是在印第安维尔斯半决赛被梅德韦杰夫终结开年不败的战绩，又在迈阿密第三轮爆冷出局。"
1085afe23ebd64ca53196969ba20d40d,体育,重返自己最喜欢的红土赛季，阿尔卡拉斯也渴望迅速调整找回状态。
843b5eccbe6e72674d96c0c499689e18,体育,作为头号种子，阿尔卡拉斯首轮轮空，次轮迎来了阿根廷红土好手巴埃斯，后者在昨天的比赛中淘汰最后一次出战蒙特卡洛的41岁瑞士老将瓦林卡晋级。
405b36052c30e5b235c889afea6632e9,体育,阿尔卡拉斯和巴埃斯过去有过三次交手，阿尔卡拉斯保持全胜。
6c8c87152f96a9e2206b39c7c9a00c94,体育,今天首盘比赛，阿尔卡拉斯连破对手两个发球局，取得4-0的开局，之后巴埃斯终于保住一局，不过阿卡最终直落四分破掉了他盘末非保不可的一局，仅耗时27分钟就以6-1轻松获胜。
257fdf9c29fae437550577025e8f76f0,体育,第二盘，阿尔卡拉斯延续好的势头，又在盘初取得破发点，以3-0领先对手。
e6ec2a510aea77e41fd1011f7edc3fca,体育,但第七局阿尔卡拉斯出现波动，他发出双误送出破发点，之后回球下网，巴埃斯兑现回破。
b9fa1e585fec0a4746fdcac50721bc3a,体育,不过在接下来的一局，世界第一再度制造威胁，在经历四次平分后，他兑现第三个破发点再度破发，并最终送出love game拿下发球胜赛局，以6-3赢得次盘胜利，从而以2-0击败巴埃斯，顺利开启卫冕征程。
b17a0251812300ea03a0ff8ba0f9c72b,体育,阿尔卡拉斯即将在蒙特卡洛大师赛开启自己的红土赛季，尽管去年22胜1负的红土战绩让他如今要面临4300分的保分压力，也随时有可能丢掉世界第一的位置，但阿尔卡拉斯仍然信心满满，并且充满期待。
d38e3a5535f8922c020c657c1595268b,体育,"""能回到蒙特卡洛我真的非常开心，这里是我红土赛季的首站赛事，这感觉太棒了，""阿尔卡拉斯在赛前接受媒体采访时表示，""说实话，我太想念红土赛场了。"
011e3c34c465cfee923723679882c9fd,体育,我会尽全力享受这片美妙的场地，享受这项精彩的赛事。
6af4edf07aaab3be28a576667399e505,体育,"""作为卫冕冠军来到这里，说实话我并没有过多考虑这个身份。"
0a6a7fe834e37f514f2db2a0899f7474,体育,我只想保持良好的心态，在每一次训练后都能有所进步，至于比赛结果，就让我们拭目以待吧。
1fa050b10ca37e9a11d13d30e810c66c,体育,2025赛季，阿尔卡拉斯的开局阶段并不顺利，他先是在印第安维尔斯负于德雷珀，无缘决赛。
21383c037a7e8187cf75b51ab9b68edd,体育,紧接着又在迈阿密不敌戈芬，遭遇一轮游。
ab4ed821081a1bec9e7b760635a76144,体育,但自抵达蒙特卡洛后，他在接下来的9站比赛中全部闯入决赛，拿下其中的七个冠军。
f39e8ec5a41d7acae1c12489f872519d,体育,"""那一周的比赛对我来说至关重要，可以说那是我2025赛季的转折点，""阿尔卡拉斯说道，""自从在蒙特卡洛找回比赛感觉后，我的状态便越来越好。"
afbc462fd4310bf01677cfc35e6e618c,体育,也是在那一周之后，我终于想清楚自己应该以怎样的方式去比赛。
a42d52e787a1f7fe886b0c194b70eed0,体育,这也是为什么在那之后，我打出了一个堪称完美的赛季。
6db6511a57dd11003a06f8e5e106cfe9,体育,我记得当时自己的发挥其实并不算出色，但在那之后的每一段征程，都成为了我职业生涯中无比珍贵的时刻。
2423b251c6e23f0f1f29111b73dc3cc1,体育,红土向来是阿尔卡拉斯的福地，他在红土赛场上的胜率高达84.4%。
05a7153d74e8188b91f15419f5381513,体育,在历史红土胜率榜单上，仅有纳达尔（90.5%）和博格（86.1%）的胜率高于他。
271658c3be77c2a5834af6c264406da3,体育,因此，在迈阿密大师赛第三轮负于科达之后，本次蒙特卡洛之旅正是阿尔卡拉斯重回正轨的绝佳契机。
7119c191150781b95630470d116e1b12,体育,"""我最初就是在红土场上开始接触网球的，整个成长历程也始终与红土相伴。"
fd73d20d518d6ce22e5ab6f5b1cc78c9,体育,"我从四岁开始打球，直到八岁才第一次踏上硬地赛场，而且当时也只是偶尔尝试，所以红土场才是我一直以来的主场，""阿尔卡拉斯说，""这也是为什么我如此享受红土赛季的原因，红土赛季结束后，你几乎要等上一整年才能再次踏上红土赛场。"
9a9b364815ec579d9bb270bb086b9cc9,体育,这段等待的时光真的太漫长了，至少对我来说是这样。
55d7c5567dea60735821de0d433f4a41,体育,目前，阿尔卡拉斯还在ATP排名中与辛纳展开世界第一的激烈争夺。
c7718c71459bde10757303c2bcea3272,体育,手握去年蒙特卡洛冠军奖杯的他，此番出征自然信心满满，他将在首秀中迎战前世界第三瓦林卡与巴埃斯之间的胜者。
cbb3e52072b495eaddac9025e019079e,体育,"""我想说，没有哪项赛事比蒙特卡洛大师赛更适合作为红土赛季的开端了。"
75d03bfe36c0989ad5ea88dc8ca7c28a,体育,"单论赛事观赏性的话，它绝对是巡回赛中最具美感的赛事，"" 阿尔卡拉斯评价道，""这里的一切都极具美感。"
ebd75a59d9763a59ae96ebc62fce16b5,体育,尤其是当比赛伊始，红土场地的状态达到最佳时，那种视觉体验真的无与伦比，美得令人心醉。
e179efcbc2c45e02abd18e34721b9b65,体育,北京时间4月6日，江湖哥带来一则网球消息。
13655602a236e878d0073bb4a559b751,体育,中国金花郑钦文最近迎来两则不好的消息，处境不是很妙。
7894066a865d94cf1bafd2b1011d9d98,体育,第一，世界排名下跌严重，第二，劲敌聘请纳达尔的功勋教练执教。
8790d185c7af0766217d4cc924c0bf10,体育,随着郑钦文在迈阿密赛事第4轮遭遇苦主萨巴伦卡而无奈出局，而且伴随她放弃查尔斯顿赛事，损失了108分，她的最新世界排名已经跌至第37位，甚至还不及另外一名中国球员王欣瑜。
12ba5a8bee6b56b40bf144f83ee5487e,体育,很多媒体表示，郑钦文的一姐地位已经不保，沦为二姐。
f24dc09195f381bf55449bf01baa210e,体育,其实这个是毫无意义的对比，众所周知，郑钦文的综合单打实力还是要强于王欣瑜的，这个排名也是暂时的。
32c6148fab25d59b2195e5a9ba828dfa,体育,但是不好的地方在于，郑钦文世界排名第37位，很可能在今后的大赛，比如1000赛或者大满贯赛事当中以非种子球员参赛，这样就无法享受首轮轮空的待遇，而且次轮可能就遇到大种子球员，搞不好可能会一轮游或者两轮游。
bc42b6feec234dbaf7565014cf95193e,体育,另外，没有高排名，也会被安排在一些边边角角的非主流球场，这样可能会受到更多的外界因素干扰。
8297fb5af11af73c3bf5531d8bdc2646,体育,再说另外一个不好的消息，郑钦文的劲敌斯瓦泰克已经聘请了纳达尔的功勋教练罗伊格作为自己的主教练。
5911c13e32dc41b64d1c5103c344e8a4,体育,罗伊格还曾经短暂指导过郑钦文，对郑钦文的技战术打法很是了解。
6db3903dc4fe8cd30c72dc4805b84e19,体育,这样的话，郑钦文在未来的比赛当中遇到斯瓦泰克的话，就悬了。
056a5821f8b6c6746aba274960b646d4,体育,尽管她在2024年巴黎奥运会当中击败过斯瓦泰克。
67167aaca196d3027321ce2df26534f3,体育,"对于聘请罗伊格的事情，斯瓦泰克说：""很明显大家都知道纳达尔是我的偶像，实际上他也是我小时候唯一关注的网球运动员。"
498fd00dc962bd7b77b2676ed022f3c8,体育,他的为人非常友善，作为职业球员时也和我聊过好几次，给了我不少建议。
f5cee4bf5afb3cf096481b681c05c462,体育,当我需要帮助或者有困难需要解决的时候，他是我可以求助的人。
d3b6a5117af517939dcda9df881331de,体育,"""能够得到如此资深的运动员，甚至可以说最优秀的GOAT选手的帮助，当然是非常棒的，只要有需要的话，我肯定会好好珍惜这样的机会。"""
ed4e03066e8938f5c30a88248e471b5d,体育,"""纳达尔为人开放豁达，是一个非常棒的人，能够拥有他的联系方式并且保持联络，本身就是莫大的荣幸。"
e3d99b368f87c584567d8f9de87d78d1,体育,但说老实话，关于他是否帮我物色教练这件事，我想把它当成我们两个之间的秘密，因为他也是故事的一部分，我不想让他陷入尴尬的境地。
e420a9142508a505328b23ed2654198a,体育,斯瓦泰克在过去的很长一段时间表现并不是很稳定，今年的世界排名也下滑到了第4位。
6b404af7703baddde50af9c366c28145,体育,此前她一直和萨巴伦卡并驾齐驱，两人轮流坐庄世界第一的宝座。
8a8acf33996eaa5436f8e157a0a6887d,体育,即使排名世界第2的时候，斯瓦泰克也是坚不可摧。
db45fd65a727d2ef83e6f63976fc1b19,体育,如今的斯瓦泰克似乎冰一阵火一阵，输赢很难预测。
e63b9fc7f0a4e1d4eca29f6d570a056d,体育,总之，她的总体实力下滑是不争的事实。
c47c44e2fb2ce328af46150f5b306103,体育,这次聘请罗伊格，相信斯瓦泰克会有所改变，实力也可能有所提升。
c81e5a32050ea0aed9469be471d3606a,体育,这对于郑钦文来说，绝非好消息。
1afe369595b66e789db40ea670824a8e,体育,据悉，郑钦文已于3月底回国，在北京国家网球中心投入红土赛季训练，教练佩雷-里巴全程陪同。
2c4ee275e89a22395e0c011f5e9bafe2,体育,根据目击者爆料，郑钦文训练强度很大而且非常专注。
e2907e8b390778d774267a7f915c48ff,体育,大家知道，郑钦文的红土最重要冠军就是巴黎奥运会的金牌，她的打法确实比较适合红土，红土也被认为是她最擅长的领地。
2f387977d0b31445a5dedf33c430e0de,体育,让我们期待郑钦文可以在红土赛场取得佳绩。
35ff77411cd2ff5a93c9e1d34fdf5257,体育,北京时间4月7日，网坛迎来多条重磅动态，多位知名选手赛事动向引发关注，赛场格局悄然发生变化。
24dae38bdb49d9c19469603ccc561f9c,体育,中国金花郑钦文、男单名将阿尔卡拉斯、女单选手莱巴金娜，以及吴易昺、鲁德、孟菲尔斯等选手，均传出最新赛事消息，每一条都牵动着球迷的心，也影响着当下网坛的竞争走势。
6c6def45bd422fc171b754aae272d74a,体育,中国选手方面传来遗憾消息，郑钦文因伤确认退出WTA500斯图加特站赛事，伊埃拉替补入围正赛。
401252145b2cc0db0d56fc725592dfcc,体育,此次退赛让郑钦文的红土赛季首秀被迫推迟，作为中国网球的核心选手，伤病困扰不仅影响她的参赛节奏，也让球迷格外担忧其身体状况，期盼她能早日康复，回归赛场冲击更好成绩。
0ed9bbb436ef660e7860f15f79c407ac,体育,顶尖选手层面，赛场排名与参赛选择出现重大变动。
a0fcdeef994379915464fe398d43ac1c,体育,阿尔卡拉斯赛后坦言，自己大概率将丢掉男单世界第一的位置，需防守的积分过多，而辛纳积分优势明显，世界第一的更迭已近在眼前。
feadf9685c214ab35c49db08bedfee8c,体育,莱巴金娜则为冲击世界第一，选择退出比利简金杯赛事，这是她与协会的共同决定，放弃国家赛事全力争夺排名，足见其冲击顶尖位次的决心。
9c74810455d3e4a9b2446348db1b5662,体育,其余赛事动态同样备受关注，吴易昺的比赛因降雨被迫推迟，赛程调整也让他的备战节奏受到影响。
20c28e5854d53166d5561827a9dd032a,体育,赛场上，鲁德以横扫之势战胜波普林，展现出出色竞技状态；
db0d6b190e7962544c6e0e431a769693,体育,老将孟菲尔斯则结束蒙特卡洛的最后一战，正式告别该赛事，为自己的蒙卡生涯画上句号。
dddb59031537a00676069e334161b1ba,体育,多条消息交织，尽显网坛竞争的激烈与变数，后续赛事走向依旧充满悬念。
296025939edf4d358612f7ed14d80cd3,体育,在昨天WTA公布的最新一期世界排名中，王欣瑜以第32位的排名位居金花一姐，她退出了上周进行的WTA500查尔斯顿的比赛，下一站比赛将会是4月13日进行的WTA250鲁昂的女单资格赛，之后还将参加马德里等红土大赛。
1128768a447bfdcd5c394bfe1c7a96e0,体育,目前王欣瑜正处在一波单打四连败的阴霾中，和年初极佳的竞技状态相比，目前王欣瑜急需要连胜来提升个人信心，所以报名参加一站低级别的红土资格赛还是相对理智的选择。
3d09437e26dec312ae2e01fd688112c6,体育,"郑钦文因为没有参加更多比赛，目前世界排名已经从第30位继续下滑至第37位，这也是她自2023年7月以来首次失去""中国一姐""的位置。"
c45625e5cbd2deaebca47b45c188a5b5,体育,世界排名的下滑核心原因还是个人积分的损失，郑钦文因为伤病问题缺席了今年查尔斯顿的比赛，直接扣除了108个积分，再加上此前她在印第安维尔斯次轮出局、迈阿密止步16强，这两站赛事也合计损失了300个积分，要知道去年她连续在北美两站高级别赛事中打进了女单八强。
416e5ddf8223e0881453c73341a0f4c3,体育,郑钦文现在正在北京国家网球中心的红土场地上积极训练，她在个人社交媒体平台也发布了近来的训练照片和视频，接下来郑钦文将远赴欧洲正式开启自己的红土赛季。
29f493fb8ebd5a40ddf2ecaa0525f105,体育,根据郑钦文的参赛计划，她的红土首战比赛是在斯图加特，这一站赛事尽管只是500级别，但每年都是高手云集，之后郑钦文还计划参加马德里、罗马和法网三站大赛，去年她在罗马打进女单四强，法网则是来到1/4决赛的轮次，这两站比赛的发挥情况将直接决定郑钦文的世界排名。
3b6cbe3f5ea65f7b1d5d4c8ca22d004d,体育,除了王欣瑜和郑钦文，目前的金花三姐张帅世界排名第64位，她目前正准备参加WTA500林茨站的比赛，首轮对手是波塔波娃，这一站比赛安德列娃、亚历山德罗娃、萨姆索诺娃和奥斯塔彭科作为赛会的前四种子，还是颇具看点的。
24f23c8fa092d8378ee9338be6491f98,体育,张帅最近因为丢失行李的事件备受球迷们关注，好在根据最新消息，张帅的行李已经都拿到了，张帅透露还拿到了一些比行李更重要的都行，大家的关心让她倍感温暖。
660efe39056eee0b7b2ac160a382e3ba,体育,4月7日，WTA最新世界排名出炉，前十选手没有变化。
385ed8cf187fb5dcba03da41ef3c5e56,体育,"上周没有参加查尔斯顿500赛的郑钦文失去去年的八强积分，下滑7位来到了第37位，王欣瑜上升两位来到第32位，成为中国""一姐""，不过两人之间只差33分。"
54441b7d7b71b0d3ec6c65217a0dac14,体育,Top10上周只有佩古拉一人出战，她在查尔斯顿站成功卫冕，保住500分，仍位列第五位。
3da85494b68b28f89fbba61b1cecaa9b,体育,闯入查尔斯顿八强的本西奇上升一位已经来到第11位，她距离第十的安德列娃只差31分。
5a01c2c042a7a1abfd2d79e0cc2308dc,体育,感受到压力的安德列娃也临时报名了本周的林茨站，将以头号种子身份出战。
500b887fa8063890e17e343b625c4bc5,体育,世界前十目前分别是：萨巴伦卡、莱巴金娜、高芙、斯瓦泰克、佩古拉、阿尼西莫娃、斯维托丽娜、鲍里妮、姆博科和安德列娃。
a41d03fc79c236a6b28e9992b1729011,体育,中国选手方面，郑钦文在去年的查尔斯顿站跻身八强，不过今年她没有参加本站比赛，扣掉108分后，排名下滑7位，目前以1350分位列第37位。
ada82f1625849c5642064031b905e21f,体育,郑钦文今年红土赛季计划从下周的斯图加特500赛开始，之后还将参加马德里、罗马和法网的比赛，去年她在罗马站跻身四强、在法网闯入八强，两站赛事有超过800分需要去捍卫。
55fc4234b4d72c99e0a7e5f7f9c17213,体育,稍有不慎，郑钦文的排名还会继续下跌。
ff98375a369bf7913d05953dcff48a76,体育,但好消息是，郑钦文从法网之后到赛季结束，将拥有巨大的涨分空间。
66c7825ad19ceb7712a0922acf194bc1,体育,王欣瑜目前以1383分位列第32位，她计划从下周的鲁昂250赛开启红土赛季。
ced5e07145803ea6dc74a94c22067e33,体育,比起郑钦文，王欣瑜的红土赛季保分之旅要轻松很多，去年她只在斯特拉斯堡500赛收获一胜，其他大赛全部遭遇一轮游。
6d5e489158f0263c1d9b79c4e78f8cc4,体育,其他中国选手，张帅排名64位仍是第三高，她本周在林茨500赛中继续双线作战。
7b3b33f5b1eff4e9c6b5c118df31306e,体育,袁悦上升8位来到第113位、朱琳137位、马烨欣166位、王曦雨上升11位来到第168位、郭涵煜171位。
dc0c3176d8287ce781d9e4b999cfdb5c,体育,从3月底开始，中国网球名将郑钦文回到了北京国家网球中心。
7f16bfdd64269b5b46c3e5a8590263f9,体育,自从去年出战中网后，郑钦文此次回归，是在中网的红土训练场上，打磨红土技战术，全力备战红土赛季。
af97c41f4d0464783fc0801edc06092f,体育,上赛季郑钦文在红土赛季斩获938分，为她世界排名来到前四奠定基础。
9b882e04ba7cc9b01cde8edef95d4ef7,体育,今年郑钦文面对不小的保分压力，也迎来了大幅提升排名的机会。
97e8e2275ab3dbd2190bb3bcdb0746ab,体育,郑钦文和团队在3月下旬回到北京，几天来在中网开启训练模式。
0381d86b91c3b7f509a389ab764eef2e,体育,国家网球中心虽主要是承接中网赛事的硬地赛场，场内配套的专业红土训练场地，为郑钦文提供了备战条件。
c987a05ebf3d7d19e245a8ee333773ac,体育,训练中，郑钦文重点打磨红土场地的滑步移动技术。
bbb3cb651eeb98c9f4d556cb10bc2a36,体育,在有球练习环节，郑钦文强化了上旋球进攻威力与高弹跳球处理能力，通过多回合相持训练提升比赛耐力。
201e57f8a920487d77b4897193b964f1,体育,训练中，郑钦文的教练团队全程保驾护航。
841c818268749221a9977903ab3b484a,体育,主教练佩雷·里巴上场给郑钦文喂球。
8872ebd308c3c9a7e327a0e2ef442327,体育,为达到最佳训练效果，里巴教练时常赤膊上阵充当陪练，汗流浃背地与郑钦文展开对拉训练。
1c7464ab7ecbab969b7ada369db67dc7,体育,这位陪伴郑钦文从世界200名开外跻身顶尖行列的西班牙教练，堪称郑钦文比赛成绩的稳定剂。
1b85f0dcaefb6fa6dcac4929e5b728e1,体育,师徒间无需过多言语的默契配合，是多年并肩作战沉淀的信任。
c28d63461e0e65d921ea88ac1f8af547,体育,今年加入团队的巴格达蒂斯也有望为郑钦文增加红土比赛需要的战斗武器。
c9649db7c765c70cf8731c959c154f2b,体育,目前郑钦文的2026红土赛季参赛计划已敲定。
f73c8582ab631829e0ffbdfd4b6d2e00,体育,她确认放弃WTA500查尔斯顿站，聚焦四站核心赛事。
1e2a1b391c7e9b2bcb212d2a6d123276,体育,郑钦文将首先出战4月13日至19日的WTA500斯图加特站（室内红土）。
7bb9e6cd0fbfb3b14b1446dc5fc19ab7,体育,该赛事汇聚萨巴伦卡、斯瓦泰克等7位TOP10选手，郑钦文曾两度闯入16强。
816a36d8f29002b231d635d1753ad532,体育,4月21日至5月4日，郑钦文将转战WTA1000马德里站。
d2eaf8f602841df43f70764b6eb7cae0,体育,这里的高海拔红土球场，带来的球速变化，对郑钦文发球和上旋技术形成考验。
5bc666c47532773db5a95448b66aaef3,体育,5月5日至17日，郑钦文计划出战WTA1000罗马站。
a8485f545deeb15b26a4c96dd8527ece,体育,这一站也是法网前最重要的风向标赛事。
5cccc1d3e9a1b941823d9bb15e3affc7,体育,郑钦文在上赛季曾首次击败了萨巴伦卡，之后输给高芙，以四强成绩斩获390分。
c6e8e4c4b9acdd3903dcd6ea0c326d72,体育,5月26日至6月8日郑钦文将征战法国网球公开赛，这座曾见证她2024年奥运金牌荣耀的红土大满贯，将是其赛季核心目标。
cdc308c20e6a30a9362571753a8ed2fc,体育,对于郑钦文而言，2026年红土赛季兼具机遇与挑战。
8b084f2ab72621addd0a4f7f3aa4e24b,体育,WTA最新排名显示，郑钦文因在印第安维尔斯站和迈阿密站表现平平，排名来到第30位，积分1458分。
80b23aa7c0e14a5348efe76beda38e08,体育,由于郑钦文在4月第一周已被扣除去年查尔斯顿站八强的108分，即时排名跌至第37位，暂时被王欣瑜超越让出金花一姐的位置。
8d184c543f1aebd32ab0a0b2a0148e55,体育,上赛季她在红土赛事累计斩获938分，其中罗马站四强390分、法网八强430分占比超八成。
5851652e108a0d6f6162caf96b4c5f8f,体育,她在本赛季保分压力山大。
b6ba6e36b37a239320fd3c6a688a2554,体育,好在郑钦文在其职业生涯中，红土胜率达73.1%，里巴回归后带来的技术优化已在迈阿密站显现。
cd048fead95f28b3551a297b7c4aa8f1,体育,目前郑钦文的世界排名虽然处于波动，红土赛季也潜伏着机会。
da07a0f9113f560405da55a4b08aa929,体育,如果打好这四站赛事，郑钦文有望实现排名的大幅回升。
3d28ba8b617a9f5daa28f8e91df8e754,体育,在北美阳光双赛之后，巡回赛基本进入了红土赛季时间。
af8b6ca0b07009d1e424d675dbbcc157,体育,当然，本周进行的查尔斯顿赛是一站绿土赛事，该站赛事头号种子是佩古拉，下半区则是由亚历山德罗娃坐镇，中国金花张帅凭借世界排名直接入围正赛，首轮对手是斯塔罗杜布采娃。
32cc365fd67aca5182b303845a28c5bb,体育,另一位中国金花袁悦虽然在资格赛的决胜轮失利，但是由于梅尔滕斯退赛的缘故，她以幸运落败者的身份进入正赛，首轮对手是谢里芙，两人此前有过三次交手，袁悦1胜2负处于落后，希望袁悦能够带着这份幸运在本站赛事赢得更多比赛的胜利。
a01ca0e7ee983d99d0f50e8fa3b27b25,体育,当然红土赛季的重头戏还是欧洲的几站大赛，包括马德里、罗马、法网等。
0f7e74b2b4150f41d1edad2fbcabdc20,体育,率先进行的是4月21日-5月3日进行的WTA1000马德里赛，这站赛事的前32种子依旧享受首轮轮空的待遇，正赛的抽签时间预计是在北京时间4月20日的零点左右。
527ce7f6fb3a8a97df7da4a380335cef,体育,在赛事主办方公布的参赛名单中，世界第一萨巴伦卡作为三届赛会冠军将再次开启卫冕之旅，白俄罗斯名将刚刚在迈阿密成功卫冕，并成为继格拉芙、克里斯特尔斯、阿扎伦卡和斯瓦泰克之后，第五位实现北美阳光双冠的女子球员。
0fc066b51603f57b72759ebda9479484,体育,备受关注的中国球员方面，郑钦文、王欣瑜和张帅凭借世界排名直接晋级正赛，袁悦预计将会参加资格赛的较量。
2b0b094745c0ebf8d406fb36c9ff230e,体育,在结束北美赛事之后，郑钦文目前已经回国备战，她的红土赛季将会在斯图加特率先开启（4.13-4.19），之后是马德里、罗马和法网。
0e63f85b1e83c723e5ba4b2cd288e723,体育,郑钦文今年的保分压力还是不小的，去年她在查尔斯顿打进八强（108分）、马德里第二轮（10分）、罗马四强（390分）、法网八强（430分），共计938分。
74ce4179a379b2dff5f9cf4f593e3ea6,体育,当然，只要有一个健康的身体，郑钦文在红土赛季的表现还是更让球迷们放心的。
934eba8269caaab4e5d17db1093fe89c,体育,相比之下王欣瑜和袁悦的保分压力就更小一些了，王欣瑜累计只有117分要保，袁悦则是112分。
2754710a40af7cb4f25ee887950e6333,体育,除了上述几位球员，参赛本站赛事的名将还包括亚历山德罗娃、安德列娃、阿尼西莫娃、本西奇、高芙、凯斯、卡萨金娜、克莱吉茨科娃、纳瓦罗、梅尔滕斯、大坂直美、保利尼、奥斯塔彭科、佩古拉等人。
dce25623679e5aaae98e1cb12b3b739d,体育,毫无疑问，这个参赛名单还是相当豪华的，期待着所有球员都有精彩的表现！
dc3d2e9e2b2b1559d20993d5e3569abe,科技,低空经济作为新兴产业，正逐渐成为推动经济高质量发展的新动力，具有广阔的市场前景和巨大的发展潜力。
960a66faa32f42778aec471897c994d4,科技,新华网组建低空经济产业创新研究院，定位低空经济产业高端交流协作平台，致力于打造国家级低空经济产业高端智库研究与服务平台，汇聚政产学研用各方力量，共同推动低空经济产业的规范化、标准化和专业化发展。
de5bb0fc4b16fd0ecf49d30aeb0cc3ce,科技,近日中国信息协会低空经济分会第三届第二次成员代表大会上正式发布了《低空经济发展报告（2025-2026）》。
3e1ae76494198167ab957d0e6bd8f927,科技,"报告系统回顾了2025年我国低空经济在制度建设与产业体系构建方面取得的阶段性成果，深入分析了当前面临的主要挑战，并对""十五五""期间发展趋势与重点任务进行了展望。"
cf5c1d6501c7c81f612588bdd9a123c4,科技,"报告显示：我国低空经济完成""框架构建""，2026年迈入""实质运营""，当前要破解安全与发展的平衡之困"
7b6b6b4cff1ce8864ce9821ea8bc6565,科技,"报告指出，2025年是我国低空经济发展历程中具有里程碑意义的""制度建设与体系构建发力年""。"
0bdee766415034dfc06819e56db44e21,科技,在党中央、国务院的高位部署和系统推进下，低空经济连续第二年写入《政府工作报告》，并首次纳入《中共中央关于制定国民经济和社会发展第十五个五年规划的建议》，战略定位得到进一步明确和提升。
c2599483ea0d36fed5e9e31ff9f2c0b0,财经,这一年，行业从前期概念热启与局部试点，全面转入制度构建、规则落地、能力夯实的新阶段。
d40c32922bc54e6b9e453907b6438021,财经,报告从八个维度系统梳理了2025年的发展脉络：在制度管理维度，顶层设计持续强化，《中华人民共和国民用航空法》完成系统性修订，首次从国家法律层面为无人驾驶航空器等活动提供制度框架；
4e1e6edff0da5923bc1b3c97cc984dbc,科技,国家发展改革委发布《低空经济及其核心产业统计分类（试行）》，首次统一了产业统计口径；
637dc882229e4c07fa5340c0103f2e12,财经,"""三先三后""（先载货后载人、先隔离后融合、先远郊后城区）推进原则为行业安全有序发展指明了路径。"
cd57f003ab70fc3eb938f7eba768390b,财经,在产业发展维度，低空制造业、运营业、基建与信息服务业、配套业协同发力，产业体系加快成型，应用场景持续拓展，商业落地步伐加速。
e5c3553af018d7fa5262a3acf370af9e,科技,报告同时客观分析了低空经济发展在安全与发展平衡、区域同质化、有效需求培育、央地衔接、基础设施常态化运行及治理能力协同等方面面临的深层次挑战。
8a6aa5f32bd26bf199b807ab686d80df,科技,"展望""十五五""，报告认为，低空经济被赋予打造新增长引擎和纳入总体国家安全观范畴的双重使命，将迎来安全体系健全、技术迭代加速、应用场景深化、基础设施网联、区域协同拓展的重大机遇期。"
37ac4ab50ad6b46123b8707073ebc471,科技,"报告特别指出，2026年作为""十五五""开局之年，将是低空经济从""制度框架构建期""迈向""项目落地启动期""的关键转折点。"
70b0c50f49884db3c3cf32697d3f26ca,财经,"产业发展预计将从""前瞻布局""走向""落地实施""、从""局部试点""走向""体系突破""，具体表现为：政策实施将加速转向细则制定与执行，安全治理向""体系协同""升级，空域供给与使用迈向""稳定高效""，制造业在工程化与交付能力上寻求关键突破，运营服务环节将率先呈现稳定业态，应用场景实现分类发展与纵深拓展，以低空智能网联系统为代表的新型基础设施建设步入互联互通加速期，各地将依据禀赋走出差异化、特色化发展道路。"
4fd71ce0fe9a833d2947d15c5efeba33,财经,报告从完善顶层设计、适度超前建设基础设施、构建创新体系、拓展应用场景、强化要素保障等方面提出了政策建议。
51671e7ddf8d5fc1b8fedd0933476e70,科技,报告强调，低空经济建设是一项长期性、系统性工程，需要政府、企业、科研机构与社会各方协同推进。
67cdfbd2d2fdd0e89a12d4fc4f340e40,科技,"未来五年是低空经济规模化发展的战略机遇期，应坚持""安全为要、技术驱动、场景引领、协同发力""的原则，加快构建广覆盖、高韧性、高效率的现代产业体系，为低空经济高质量发展奠定坚实基础。"
926d1580a97afc022da32c0d2e95a2d5,科技,该报告立足国家战略导向与产业发展实际，力求为政府部门、行业企业、研究机构及相关从业者提供系统、翔实的参考，共同推动低空经济在安全可控的前提下实现高质量发展，成长为中国式现代化建设的时代动能。
a6b8cceabc012293155ad5ee7ad4fd3b,科技,"无人机化身""外卖配送员""轻盈起飞，一杯新鲜出炉的咖啡穿越楼宇，几分钟后便准确送达顾客手中；"
df80aa4c504bd8c321c535ecc26fcd32,科技,常规旅游不过瘾，乘上直升机饱览山河画卷，解锁空中新视角……低空经济已逐渐融入人们的日常生活。
6b37fa3317e2017ad57a1e3a2121f607,科技,据中国民航局预测，2025年中国低空经济市场规模将达1.5万亿元，2035年有望突破3.5万亿元。
968c371b728fd890167888357029d087,科技,回眸2025年，低空经济正从概念蓝图加速走向体系化落地——
3df282c0647b4ec93d8fd2bbb1369ce1,科技,"从2024年和2025年""低空经济""连续两年写入政府工作报告，到今年写入""十五五""规划建议，政策引领与产业脉动同频共振，推动低空经济市场规模稳步增长。"
2c2812f85327d89f94bb4f0f6202094b,科技,看装备端，民用无人机与电动垂直起降飞行器（eVTOL）作为我国低空经济发展的重要支撑与前沿赛道，产业规模持续扩大。
e35f27ad48c02a7ff10950b6c6c866e2,科技,相关数据统计，2025年我国民用无人机市场规模预计同比增长15%；
2e095d556164bf59b7aec7e3ef453bf5,科技,截至2025年11月，我国eVTOL年度订单总额已超过300亿元。
4ea6d92d3839b99af7c3831a0bf50b17,财经,看应用端，低空飞行市场持续活跃。
ca6052fafe63dc64b90e54d1ff80f393,科技,根据中国航空运输协会数据，截至2025年7月，我国有人机运营企业达801家，无人机运营企业数量突破1.99万家，行业参与度持续提升；
2b9854229aad2a0b2e5d4f18a0b56713,科技,2025年上半年，无人机飞行时间达2447万小时，市场需求高速增长。
42157407ef0bcd56f58850378f1a8a76,科技,这一年，技术研发的新突破，打开产业发展新空间——
ccb877781a596fd8b8551f704fd40b2e,科技,"12月10日，国产首款800公斤级重载电动垂直起降飞行器AR-E800首飞成功，其具备的可快速拆卸多功能货舱，可使无人机在""腹内带货""与""外部吊挂""两种运输模式间灵活切换。"
943513a0be6b384f42eb746af42c94c3,科技,"这是我国低空经济领域不断加强技术攻关、实现""从0到1""突破的一个缩影。"
3f16a542c901c1c44a679175ce88065b,财经,研发不断提速，面向商业化大规模应用，瞄准高安全、长续航、快速补电等方向，低空动力电池加快迭代升级；
4bde781ca8132be9f4f24b3534eb10ed,科技,"产品持续""上新""，聚焦观光旅游和短途跨越式出行，广汽高域推出首款量产级飞行汽车产品多旋翼GOVY AirCab，目前已进入适航审定阶段并完成样机交付……低空经济正迈向优化升级新阶段。"
e0138f9870fbf4ae5e3e512a42058037,科技,应用场景的持续拓展，加速产业规模化商用——
198567ddd52834baefa80006d4440f51,科技,不久前，《关于加快场景培育和开放推动新场景大规模应用的实施意见》印发，进一步释放稳妥有序拓展低空经济等领域应用场景的积极信号。
9814126ecf6070c60f1e831bf9e1c7ab,科技,北京大学教授、国家导航领域重点研发计划首席科学家程承旗表示，低空经济产业链条长、应用场景广、带动能力强，且科技含量高、创新要素集中，是一种新型陆空互联基础设施，将成为重要的互联经济，与每个人息息相关。
fe86f1ea22a954f54922368ba63ba262,科技,业内普遍认为，2025年，低空经济的应用场景实现从技术验证到规模化商用的跨越。
b37f4bb1b8f47048fb148454d38115fc,科技,"从基础设施巡查、应急救援到森林防火、医疗救护，从空中游览、物流运输到农业植保、水域监测……天空的""边界""不断被拓展，全国多地创新实践遍地开花，""低空+""正激活全产业链活力。"
0584d433a6f2a95b17b34e6edfcef59f,科技,与此同时，人工智能技术如何进一步赋能低空经济，也成为重要探索方向。
43bd3c34e88dfdf2e3c47ba80f2042dd,科技,在北京云圣智能科技有限责任公司联合创始人朱胜利看来，安全和场景是发展低空经济的两大基石。
c9220f797f8cd82a9a96d9fcb415d5d0,财经,"""'飞得安全'是产业发展的生命线，是规模化的前提；"
ebd7f713fa283bd827776ea2eff71a63,科技,而真正的价值落地，则依赖于AI技术在垂直场景中解决实际问题的深度。
b41dd9cb269c8ea03bb0347fda89c757,科技,一架电动垂直起降飞行器在安徽合肥骆岗公园演示飞行（无人机照片）。新华社记者周牧 摄
38c2055943a3749a8788508fccfef7b3,科技,"展望未来，根据""十五五""规划建议，低空经济已被列为我国将加快发展的战略性新兴产业集群之一。"
70049d71a3a69130fac69e64749fc887,科技,专家认为，2026年将是低空经济进入规模化发展的关键阶段。
b4cd04e38f377718e7160abd5ff1b99a,科技,"""当前，我国低空经济已形成多层次的区域发展体系。"
07295ab3eb7c9cbd3ae73bf58fa75a2f,科技,"""赛迪研究院产业政策研究所研究室主任朱钧宇告诉记者，下一步，各地区将依托区位特征和产业基础，进一步开展差异化发展，初步形成功能互补、协同共生的低空经济生态。"
af2f1efd4d231a14371dcae9454c71fa,科技,记者深入各地调研，切身感受到低空经济产业跃升的脉动。
3034fdcca84638e07926d31a4e7034a6,科技,上海借助大飞机产业基础，正加快eVTOL集群化发展，预计2026年将实现5G-A低空智联网络全域覆盖；
4497c177fc5684a2f2de755404d4d45a,科技,深圳强化无人机全产业链优势，已构建起涵盖研发、制造、应用与服务的全产业链体系，计划到2026年底建成低空起降点1200个以上，开通商业航线超1000条；
100fb16fc9f4b8ba9cde66f34ba7e100,科技,"""随着空域管理精细化、基础设施网络化进程加速，以及核心技术持续突破与应用场景深度融合，低空经济产业链现代化水平将显著提升，为我国经济高质量发展注入新动能。"
12a0f1dfcd52057b4bfd4be677af1db1,科技,近年来，低空经济稳步壮大，但也暴露出一些短板和问题。
54fa0dba863f7e7647abe379273e0bb3,科技,代表委员们建议，要为低空经济发展创造良好的政策和市场环境，打通堵点卡点，夯实行业高质量发展根基。
ffd172b21f695336ebebf90831d90983,科技,全国政协委员、中国铁塔股份有限公司总经理陈力建议，一方面，要加快制定全国统一的低空基础设施建设与改造标准体系，按应用场景和功能定位实行分类管理，为低空经济高质量发展夯实硬件底座。
6c82eff5694bd07c51374d32808fa5d2,财经,另一方面，紧扣低空经济商业化、规模化、常态化运行的安全保障需求，打通区域、行业、部门间信息壁垒，推动设备状态、运维调度等多源信息全域汇聚、实时共享。
5a4979fdc0632e3dd83a48e6824048b5,财经,此外，要 注重打造低空应用标杆示范工程，更好激活 商业化发展动能。
dac450b4cdde08705dac7c34abcc2396,财经,"""目前，由于低空空域管理缺少总体规 划和分类指导细则，各地发展战略规划呈 现碎片化状态。"
128edb085b9c44edb89d5661c8fa03db,财经,"""全国政协委员、九三学社 广东省委会副主委王桂林建议，应尽快出 台空域管理、飞行安全、数据跨境、产品认证、运营规范等领域的专项法规和技术标 准，构建统一、透明、可预期的规则环境。"
f7512a049eb8d91f9a4505966c1bae60,财经,可支持粤港澳地区在跨境低空飞行方面开 展更多创新探索，为大湾区一体化发展提 供引领示范。
fb42b23bed9b7ea9ad2b898e3043a219,财经,"全国政协常委、南京财经大学校长程 永波表示，低空经济正通过颠覆性的技术 供给，精准激活新消费潜力，把超大规模 市场优势转化为发展动能，加快形成""场 景牵引供给、投资优化结构、供给创造需 求""的动态平衡与良性互动格局。"
c53ba6d0f9ce6ec497afc896b3eb9134,科技,"聚焦飞控系统、高密度电池等 ""卡脖子""环节开展自主攻坚。"
7930f18247c2226817560a75405ba9d8,财经,同时，深挖 跨城智慧物流、空中通勤、医疗救援等复 合型消费场景，切实把超大规模内需潜力 转化为产业持续高质量发展的内生 动力。
bab400c8b5cf54ca015bfa08257fbeef,财经,"""大模型""无疑是2023年最热的关键词之一，随着大模型概念的崛起和广泛传播，金融行业因被视作最优落地场景也同步掀起了一轮热潮。"
3782c2710ef18ee0f416ae3eb37f7a94,财经,大模型究竟会给金融行业带来什么？
94d9098623617f1d0325bf8dd7ae82cb,财经,它会在何种程度上重塑技术和业务，会衍生出怎样的商业价值？
1bf3b69992642f723ab9bcfbcee2c1ff,财经,21世纪资管研究院调研了三十多家金融机构和科技公司相关负责人，形成了这份《大模型重塑金融业态报告》，通过梳理机构布局情况以及这些领军者们的观点，描绘行业发展趋势。
876b9d43df097b657f2c6347f3e0dc35,财经,已有多家金融机构官宣上线大模型产品。
2d6b16112bb93a598ab15d723b80634c,财经,从已披露的公开信息来看，在银行业机构中，农业银行推出类ChatGPT的AI大模型应用ChatABC（中文名：小数），在智能问答、智能客服、辅助编程、智能办公、智能风控等多个领域同步进行试点；
3c739baf2e6277df43543c16f143815f,财经,兴业银行上线大模型产品ChatCIB，聚焦反洗钱能力、债券交易智能询价等业务领域；
13f04ce259c2a229ccf905a95e1dc691,财经,平安银行上线的BankGPT平台，研究构建大模型文本生成、图片生成等能力，及其在图标头像、节日海报、个性化营销内容创作、交互式数据分析、非结构化数据洞察等场景中的应用落地。
fddb937e699f7966c4571a1858521f2c,财经,证券及基金业机构中，国信证券深入研究AI大模型的运用，目前内部落地以赋能员工工作效率提升为主；
3031e064aebd85ff6e19844fe8135ebe,财经,工银瑞信基金上线的FundGPT在数字人问答技术、检索增强大模型、数据分析师伴侣、AI助手等领域都取得了技术突破。
7dc9cd0cf9a9c81f2c095cf5c9938b49,财经,"科技公司及各类非银机构中，马上消费金融的""天镜""在应用层面涉及人工智能客服等场景；"
4e2f9edf3020901fc0187af0b479ba6e,财经,"奇富科技的""奇富GPT""涉及获客、运营、风控、贷后服务等诸多业务环节；"
feb3e5d47887f7284b38ea923da33881,财经,"恒生电子的""Light-GPT""包含投顾、投研等核心金融场景；"
e2afb4bbfa229d9a4e2861f8727a10c9,财经,"蚂蚁集团基于蚂蚁自研基础大模型的两款应用分别面向理财和保险两个领域，其中C端智能金融助理""支小宝2.0""可为用户提供高质量的行情分析、持仓诊断、资产配置和投教陪伴等专业服务，B端智能业务助手""支小助""可在投研分析、信息提取等环节提供智能服务。"
803102e9cb8a36c9c910f61959e9d7d2,财经,大模型将为金融行业的业务发展带来哪些改变？
aeb51f6a2a7126a0db06eb7a5e3fab91,财经,我们认为，这个问题的答案需要从当前的应用场景和行业关注的风险问题等方面来综合分析。
361e87be9cca0b3ef93567c1ed1f1058,财经,从目前金融大模型的应用场景来看，智能客服、投研服务、合规审查等均成为较为主流的应用方向。
3d268b9d10bd3cb97931d586cb50618d,科技,而大模型在这些领域的应用，也将对业务模式进行重塑。
bca3ab3d9632c647bb2e3e1d86e3280a,科技,智能客服，即在人工智能、大数据、云计算等技术赋能下，通过客服机器人协助人工进行会话、质检、业务处理，从而释放人力成本、提高响应效率的客户服务形式。
45dcbfb29952285b144f930cff2ef868,财经,智能客服一度被认为是大模型在金融行业当前最有可能落地的场景之一。
0d023953ecd20aba1cd531c8b56f869f,财经,与此同时，随着技术的发展和深入应用，智能客服的职能边界也逐渐从提供基础的人工客服辅助向运营管理、营销等功能延伸，市场规模一路走高。
a4ef92f7222f2f3e852727d20fad8506,财经,2023年10月，21世纪资管研究院发起了一轮针对手机银行APP智能客服的测评。
a9bf9446d9f5d6047cceb99ea4f7cb06,财经,测评结果显示，当前智能客服已经成为手机银行的基础功能设置，也体现出各家银行精细化运营的大趋势和差异化。
ee57e9dfd7ed3b89fb5ca17d0ef00c50,财经,与此同时，手机银行智能客服功能的用户体验重度依赖于前期大量基础设置，入口设置、图标设置、互动流程设置等，每一项都非常影响体验。
a6eccbd1cda8f3bebebc13f026d9b3ee,财经,而由于银行业的特殊性，需要非常重视安全和隐私，智能客服需在体验、效率和安全之间寻找最佳平衡点。
d17c213787d470d227215eea39d95f10,财经,此外，数字人尚未进入深度应用阶段，目前主要作为视觉形象展示，服务功能上与传统智能客服尚无差异，使用体验也有待优化。
f3fb7543eb732b4f86f4908ea0c178de,科技,"大模型的落地应用，能否为智能客服装载一个更智能的""大脑""？"
8e20a174af1b7659828d627cbf6eb6f9,财经,从业务逻辑来看，当前主流的智能客服大多依靠内容检索和预设，几乎无法实现语义理解和分析。
089c392bfab276df650dc12470a7158e,科技,但如果能够利用大模型的知识和通用能力，在限定话术的情况下或能一定程度上完成智能应答及辅助人工座席实时服务等工作，在提高智能客服拟人度的同时也能够提升人机协同的效率，同时在对客服务体验优化和员工效率提升两方面提供助力。
bd3eb4617fe5f5bcf27808853ca15072,财经,投研服务通常包括投资咨询和研究服务，通过对投资对象的分析研究预测其未来表现和收益等，在投资领域占据重要位置。
fefda12db7e1ccd71b1df7e8eaef5474,财经,在传统的投研服务中，在数据源和数据获取方式上通常比较依赖传统金融数据及结构化数据库或通过各种渠道收集的信息，在数据处理方式上也更多依赖于研究人员自身知识储备及分析能力，最终由研究人员撰写研究报告。
24855e10fb9e1b3086dce3a9e9e133b3,财经,人工智能等技术的应用，使得智能投顾在数据来源有所拓宽，同时在数据处理方式上可以进行自动化分析，甚至最终可以实现由AIGC直接生成投资研究报告。
153fd5fea6fc19f4e705f1c11eaeebab,财经,"大模型技术对于投研服务的重塑更多地体现在""增效""方面，将原本依赖人工花费小时级的资料查询整理等工作缩减至分钟级，同时基于市场资讯、研报等专业材料的预训练之后，智能投顾理论上也可以实现基于自动化分析，从而实现思考维度更全面、逻辑推理更稳定的分析结果。"
d648021861a4c7c809477ca2535b5ad7,财经,大模型在金融行业的应用场景还包括为以信贷业务为代表的一系列风控审查工作提质增效。
e8ee9a2b28acc0b929c938a6106f679a,财经,以贷款业务为例，在传统的业务模式下，申请、审批、放款、存续到收回的全流程均涉及各类尽调及分析等耗时耗力的工作，同时也具有审批文件量大、审核点数量多、人工审核费时费力等诸多痛点。
bb60119058a24c597d01295553608bb7,科技,而基于卫星遥感、NLP（自然语言处理）等大模型能力，能够抽取信贷审批书风险审核要素(如金额、期限、利率、业务品种、担保方式等审批关键点)，为后续数据查询和分析挖掘提供支撑，大大降低时间和人力成本，提升审核效率。
d1ff44d4932c06bbaf7ec89052bce984,科技,信贷业务对于人工智能技术的应用已相对成熟，当前有越来越多的机构愿意尝试以大模型技术提升风控能力。
0fd16a1bf4fd9c1c8463505f78b89a21,科技,从应用层面来看，大模型技术能够应用于信贷审批的场景涉及贷前风险评估、智能尽调报告、辅助审批、合规审查、贷后催收服务等几乎全流程的业务。
02b96f0475f7c501d71a7e700e800bd6,科技,"大模型技术的应用就像硬币的正反两面，正面是技术应用将信息处理和智能决策带入新纪元，反面则是大模型训练和微调面临的数据问题、合规及法律法规等方面的问题、大模型固有的""幻觉""问题等一系列可能存在的问题。"
5269a8afed3b68785563635a016df4bc,科技,作为一个对安全性、合规性、准确性、可控性要求都较高的行业，尽管当前的主流观点倾向于认为以大模型为代表的人工智能技术将对金融行业现有的业务流程带来重塑，但大模型的应用仍然面临合规风险、数据安全、隐私安全、可信可解释等诸多方面带来的风险。
a2e0a1d2882b5c7a70100f766eb48348,财经,"从我们多方调研的情况来看，尽管当前在金融不同业务场景中已有诸多应用和探索，但对于金融机构而言，目前大模型考虑或已落地应用最多的方向仍然是为内部员工""增效""。"
ab66b5c912e78ba6eecc405b3b95906f,科技,如为客服人员提供AI客服助手，以基于大模型的人工智能工具协助工作人员提取部分信息、提升服务效率，为投研人员提供研报摘要、辅助生成报告，为审计业务人员提供数字劳动力，以基于大模型的语言指令调取API等，此外还包括代码生成、代码辅助等。
3aef06ed2358046f0fc27aac842bb6ab,财经,不同于其他行业，金融行业对于机构的合规性考察更为严格，且已有一套针对业务相对完善的监管标准。
42003f14f901f2523dd9c2390f24581a,财经,具体到应用层面，多家金融机构都表达了对于合规性的担忧。
b9e8cc0a0ff01332cd60951ac763065c,财经,以上述智能客服这一场景为例，金融行业对于直接的对客服务有较其他行业更为严格和准确的要求，如以基于大模型的智能客服直接对客，其输出的内容并未经过内部的合规审查，对银行等机构而言即存在不可控的风险，相关内容按现行规定也无法直接对客输出，实际或难以落地应用。
e7d9f01bf7d39855fd32dd70e31c8d71,科技,再如大模型的训练，目前一个比较可行的方法是基于境外开源模型进行二次训练或微调，但这仍然涉及基础模型的合规性和其中数据的合法性，在二次训练和微调阶段还涉及数据隐私、数据传输及数据保护等方面的问题。
361bd08436cbb2aa43ad20ea9764dfcf,科技,同时，除数据安全性与合规性问题之外，高质量数据缺乏、数据样本不足、迭代较慢等数据质量问题也被频繁提及。
f5c4e3157408b9b6002174fcd108c108,科技,以高质量数据问题为例，由于金融行业非结构化数据较多，高质量数据的缺乏为金融行业训练或微调模型带来直接的挑战。
f8394e0584bbed33f7c9d38f8c30efff,科技,以数据迭代问题为例，由于金融行业对于信息和数据的变化更加敏感，大模型的微调和训练均需要基于海量历史数据，而数据无法实时更新，也使得其产出的内容在实际使用中效用有所折扣。
055107b9f0059f095312f3371deeb291,科技,如在信贷审批及风控等应用场景中，可能面临基于大模型的信贷风控体系无法实时匹配新客群信用风险、软硬件基础建设无法完全支持等诸多问题。
f94e0cac8567fdd787c075aa89942374,财经,"尽管大模型当前热度空前，各金融机构尤其是头部机构都基于自身需求和行业特性作出了一些探索，但大模型技术在金融领域的大规模落地当前仍然处于""前景不明""的阶段。"
175e8fc6fabd2746c1be17867e5c6ff4,科技,在调研中我们了解到，金融机构目前首要关注的是合规性、应用方向等问题，与此同时算力和基础设施等一系列改造也涉及一笔不小的投入，在尚未达到成本和效益的平衡点的情况下也或难以进行大规模投入。
bce0a60af793dde9cdb99a717b490e13,财经,从目前作出的尝试来看，金融机构在大模型布局上也更倾向于相对谨慎的打法，先在某个领域或业务场景中进行小规模试水，判断成效后再逐步应用至更核心的业务场景。
358dc7e7cb0ebf7480c8521cddbe955b,财经,每当一场新的技术浪潮来袭，金融行业始终站在应用的最前端。
358452fdf8ac51048d6f6eb9b45b071c,财经,对于金融行业而言，大模型对金融机构的影响不仅是在技术、应用层面，而是对金融业数智化转型与金融服务的智能化发展产生深远影响。
f92269ec41a53dd467b301954ece346e,财经,基于前期调研访谈，21世纪资管研究院认为金融行业在大模型浪潮影响下，将呈现四个未来发展趋势。
d60e9b8db6a4e032c6729461a0a66a24,财经,第一，金融行业有望步入AI驱动的新阶段。
94cd96fe0fdc6b195271e2cbfc343719,财经,"回顾过去金融机构的数字化转型，是基于监管要求自上而下推进的技术架构重塑，而大模型""iPhone时刻""的到来，对金融机构数智化转型的发展范式产生深远影响。"
9e3bcb311aed479d6bb9593e2ab7293e,财经,"从驱动大模型的""三驾马车""来看，大模型需要大参数规模的训练语料库，高质量数据集促使金融机构重新审视数据管理流程，盘点数据资产，提高数据资源利用效率，加强机构间的数据流动。"
883ce62c74426f3938bf8ce35362bf61,科技,同时，有限的算力资源与高昂的训练成本，驱动金融机构基础设施架构的平台化转型，通过多种技术优化算法，以提高资源使用效率，降低大模型使用成本。
120f6573d39f51b65b202213ad1f5932,财经,从数字化到智能化，可以预见的是，AIGC将推动金融机构从被动转型步入主动转型。
ee3a041291220e468192822e34cc93e2,财经,"第二，金融机构有望通过""AI Agent+""实现技术普惠。"
2ce8957ed9d589db746cbb8344d9f513,科技,基于大模型驱动的AI Agent，被普遍认为是未来人工智能应用的新形态，相比于过去人工智能技术的相关应用，AI Agent表现出惊人的自主性与智能性，数据显示过去两年间针对AI Agent的研究投入增幅达到300%。
8f0351a5e841bfc9de7531d6d61c5a84,财经,21世纪资管研究院梳理各大银行科技投入与科技人员数量发现，近两年来银行科技投入已开始出现下滑态势，科技人员新增数量也逐步减少。
c95349a9c32ba8b3fb2b16c864d7fb4b,财经,在云平台等基础设施建设已初步完成后，下一步是释放科技人员生产力。
5da55a3382227cf5100adae3646e687d,财经,AI Agent与RPA等传统技术结合，应用于金融服务的各类场景，以自主学习的能力可以及时解决非给定流程中的其他问题，在金融数据合规与隐私安全保护合规的情况下，有望成为金融从业人员与客户未来的AI助手。
f39c0b92b51d8a8c9e8959490d5c2219,财经,第三，金融领域的AI伦理建设将持续加强。
a8597729d8966e9cb9f78d9206e18fcb,科技,成式AI重塑了金融领域科技的应用，但也带来了一定的风险，关乎金融行业的数据安全、个人信息保护、知识产权保护、伦理道德、算法歧视等等多方面问题。
a435824955b25e76599623a13d85e53a,财经,2022年《金融领域科技伦理指引》的发布，为金融机构在一定程度上明确了伦理底线，但涉及到金融行业的生成式AI应用风险治理，还有待进一步政策出台。
6862e6e40a61c0e06115a853f5fe2f1f,财经,目前多家金融机构均已成立金融科技委员会等组织架构，把握创新与安全的平衡，在未来随着金融大模型的发展，这一趋势将更为明显。
6c443b8684d419c6fa1c192e7de6a05f,财经,第四，金融领域的开放生态将加速形成。
c75c0407ddde7f8e2f73ec0c674c882d,科技,大模型训练对数据、算力等资源规模提出更高需求，可能导致金融行业数智化水平的进一步分化，一方面可能对中小金融机构的数字化转型形成压力，另一方面需要高质量数据集作为训练语料。
db00cd28492e7d6118a8dc2e97b5c06f,财经,这些都呼唤行业生态的进一步开放，以及在合规前提下数据资源的流动。
69f02c0aa2ad64c61e51c47ca493a871,科技,这里的开放，是算法、数据、技术能力的全面开放。
14ab7e3feee62920714ba3f1fbdc8249,科技,算法开放层面，开源模型可以与闭源模型形成互补，降低中小机构的研发投入，帮助加快模型优化迭代，提升开源模型性能，共同突破技术难题。
459679fae9ecd66c7a71b43b7d1ec842,财经,"数据开放层面，""越用越聪明""的大模型产品更需要金融领域高质量数据集，特别是在数据成为第五大生产要素、数据资产入表的背景下，金融语料库的共享将赋能金融行业整体智能化水平跃升。"
4ee8e0a2bdb9ab7ef5b95b431e656e5d,财经,在调研中我们获悉，金融大模型落地的问题往往是工程化问题，因此，相关技术厂商的生态能力也至关重要，只有更为开放互通的行业生态，各方才能共同实现社会的智能化水平提升。
c15577a02bdeca037a69952209fe90a6,科技,历经2023-2025年从模型混战到应用探索的迭代，全球AI产业已完成技术打底与场景试水，2026年将成为AI从技术概念走向价值兑现、从研发投入转向商业盈利的决定性一年。
9a1a54b5fb7969b1c37928188f4d739b,科技,"我们全年维度坚定看好：大模型商业化全面提速、多模态迎来产业化拐点、AI与实体经济深度融合，产业主线由""算力与模型竞赛""切换为""落地能力与现金流兑现""。"
da2c35b5eb88d72a10628c92e28041f8,财经,一、商业化成核心命题：从烧钱竞赛到盈利拐点
a5ac7a9e2f4baddaf2c1eaf9bbbfd907,财经,2026年，大模型行业的核心考核指标从参数、性能转向ARR、客户留存、毛利率与规模化复制，商业化能力成为企业生死线。
5be2007a556d8a774138766b618a9350,财经,全球头部厂商的商业节奏与战略转向，印证这一趋势已不可逆。
5d1e8e0ca2ce336470f938304a00d6c0,财经,Anthropic跑出全球最快商业化曲线，成为行业标杆。
32af4913bfcc9f90793b986c887c462e,科技,2023年3月推出Claude模型，凭借编程、数学等领域的领先性能快速占领企业市场；
22e699cde7ef4dbd3bbcad021f1f8283,财经,ARR从2023年底1亿美元、2024年底10亿美元，跃升至2026年2月的140亿美元，增长斜率陡峭。
dc52c061ec4a465d2946c04beb2ac5be,财经,Claude Code成为第一增长引擎，ARR突破25亿美元；
130e103e08306002a6300e14abe6371a,财经,2026年初企业订阅量激增4倍，企业客户营收占比过半，标志AI从To C尝鲜转向To B核心生产工具。
3bb8cef66115d3604e6d32fd6882a9bd,财经,同时，Claude正加速向金融分析、数据建模、销售、网络安全、科研发现等高价值场景渗透，打开长期增长空间。
9487bb7d36a72451b9502ec42c98dec2,科技,OpenAI战略转向商业优先，进一步确认行业主线。
c224ebd4192faca90b97ccf872f2fa5f,科技,"2026年2月11日，OpenAI解散内部""使命对齐""团队；"
c796aafed30610f5a7513cf9f8418a03,财经,同步下调算力支出目标、明确2030年总营收目标超2800亿美元，消费者与企业业务贡献均衡。
dc75bed57c6fa057ecefbd4b5ca49d4b,财经,这意味着行业从AGI远期理想回归短期商业兑现，巨头将资源集中于可变现场景，带动全行业商业化提速。
8db4cfb51e81296ae9076173608d5f25,科技,"国内厂商同步聚焦落地与成本优化：DeepSeek以开源与低成本优势推动文本大模型普及，推理成本持续下探，让中小企业用得起、用得好，形成""技术普惠+商业闭环""的良性循环。"
83fbc3edc7da8a3e2e9915fdb2289520,科技,二、多模态迎DS时刻：能力跃升+成本暴跌，内容产业重构
31e7ecb67e697791ba4fba7700c6df28,科技,2026年，多模态模型将迎来DS时刻（产业化拐点）：能力达到专业级可用、成本大幅下降，推动影视、游戏、广告、短剧等内容创意产业爆发式繁荣。
53902fcb8c35e0eb4c1484f9d8afa9c4,科技,"视频生成领域完成从""演示级""到""生产级""的跨越。"
0210f0148238d4a7bbc4918101d8a7e6,科技,OpenAI Sora从初代GPT-1时刻，到2025年9月Sora 2实现GPT-3.5式突破；
e224ff1ce634bb96ef48a4439714db95,科技,谷歌Gemini Veo 3.1系列强化音频、叙事与质感还原，夯实海外技术梯队。
0569327b33d626acf247aefa6b798fc3,科技,国内厂商快速跟进并实现差异化领先：2026年2月可灵AI 3.0全球上线、Seedance 2.0正式发布，后者具备1080p广播级输出、音视频同步、多镜头叙事、流畅运动合成、精准指令遵循五大核心能力，直接满足专业内容生产需求。
f2943ba9348f80b18edc7cf65419857d,科技,"多模态的核心价值在于""提质+降本""双击：模型能力匹配工业级标准，同时推理成本大幅下探，降低创作门槛、提升生产效率。"
49106392b31ec101259b182758b5019f,财经,短视频、广告、游戏CG、影视预演等场景将率先规模化落地，催生新的内容业态与商业模式，成为AI商业化第二增长曲线。
abe3b4f6a48f25237dec3daf5447ba3f,财经,三、投资建议：坚守两大关键判断，聚焦落地与变现
9d47dfff35f96f5fb10cac5152115eaf,财经,站在全年维度，我们维持AI投资两大核心判断：
d0718eb9dccf4209fb5eb7558442a301,财经,"1. 2026年是AI走向价值落地和商业化的关键年，产业逻辑从""技术炫技""转向""解决痛点、创造收入""，企业级服务、垂直行业解决方案、高毛利订阅模式占优；"
7552b2f6b2ccd1930ada5319456f1121,科技,"2. 多模态DS时刻与大模型商业化共振，算力优化、模型工程化、场景适配能力成为核心竞争力，优先布局""技术领先+客户付费+现金流可验证""的标的。"
cdf1e79d14fc5250d910477529f2973c,财经,投资主线聚焦三大方向：一是企业级AI应用与智能体，深耕金融、制造、办公、网络安全等高ROI场景；
3acba8142a5f335143ea19999003a178,科技,二是多模态内容生成工具链，受益视频生成产业化与内容产业繁荣；
50a243d9f7887be786aa01f267f99c52,科技,三是低成本模型与算力服务，支撑规模化落地，享受行业渗透率提升红利。
843cb0066b49bfd592b25ed82e98ac0a,财经,2026年，AI产业告别概念期，进入价值落地与商业化兑现的主升浪。
d89b146bf991bb02822e7bb6efdcfd02,科技,全球巨头战略转向、企业付费意愿爆发、多模态技术成熟、成本曲线下行四重共振，将推动AI成为新质生产力核心引擎。
9d5d18c7c0e9d9d9a0bbca9098b51708,科技,全年维度，我们坚定看好AI从技术创新走向商业成功，把握落地与变现的核心主线。
10efdb1f9930a62938ce9302c5de39ec,财经,"新年伊始，多地展开""抢飞""布局。"
499d40be58a17e735d0245c3a355816e,科技,"上海率先发声，旨在迈向""世界eVTOL之都""；"
1b39636eeea9e941838bd23627e443b3,科技,"深圳瞄准""全球低空经济第一城""目标加速航空起降设施布局；"
11cfdc726d220a3afc448d08f18bc36a,科技,"江苏省公布全省无人机适飞空域""官方地图""……低空经济""规模化元年""开启。"
0e6efc46057facbe4ffed7ad25712a2a,科技,低空经济作为新质生产力的典型代表，具有科技含量高、创新要素集中、产业链条长等特点，其发展受到全球瞩目。
3612df884f11f47aa1511a75155c8fc9,科技,"2025年，在政策红利释放、核心技术突破、应用场景落地的多重驱动下，我国低空经济成功实现从概念探索到场景落地验证的关键跨越，产业""腾飞""成为经济发展的新引擎。"
c4971ed5111d90895046c9abe9fe442c,科技,"站在""十五五""开局之年，低空经济正迎来政策体系完善、基建网络成型、应用场景爆发的黄金窗口期，将以高质量发展态势为经济增长注入强劲动能。"
758081c06060b79a8bb271ae8da2306f,科技,"从2024年年初首次被写入政府工作报告，到年底国家发展改革委成立低空经济发展司，再到2025年一系列国家层面的重磅政策出炉，低空经济正加快迈向""体系化推进、规模化发展""的新阶段。"
47ef0985e2e2d2851561a1caa3a682d2,科技,"党的二十届四中全会审议通过的""十五五""规划建议，其中一项重要部署，就是将""低空经济""明确列为国家战略性新兴产业之一予以培育壮大。"
3f86732aea41d97505f57492a19b4917,科技,这意味着低空经济从个别地区的试点探索全面上升为国家层面统筹推进的重大战略，其产业地位发生了根本性变化。
c9595e9345bb25fad48b71d6ed4516e9,科技,"顶层设计为低空经济擘画了发展蓝图，法律保障、标准规范方面也实现了重要突破，2026年低空经济支持政策正从""框架搭建""向""细则落地""全面深化。"
7978a0e2e48de99187c58ad1135c73b8,科技,"法律保障层面，新修订的《中华人民共和国民用航空法》将于2026年7月1日正式施行，首次增设""发展促进""专章，明确300米以下低空分类分级管理规则，为eVTOL（电动垂直起降飞行器）等新业态建立精准监管体系，将破解制约行业规模化发展的空域管理模糊难题。"
84a83a9d3dffcdd35d9e3181b5dff503,科技,"标准规范方面，《民用无人驾驶航空器实名登记和激活要求》《民用无人驾驶航空器系统运行识别规范》两项强制性国家标准将于2026年5月1日起正式实施，明确要求实现""一机一码、全程可溯""，无人机""谁能飞""""谁在飞""将有章可循。"
ea7054a8c96618e6c481d3aaca7b7cc2,科技,"政策落地的协同效应正在持续释放，2026年新年伊始，全国多地""新年第一会""聚焦低空经济进行部署。"
817f7014cf07cbd2a25df60a3c5e1e2a,科技,"截至目前，广东、浙江、福建、湖北、重庆、辽宁、贵州等多个省（自治区、直辖市）已陆续审议通过本地""十五五""规划建议，纷纷将发展低空经济写入未来发展蓝图，低空经济迎来全国布局新浪潮。"
030674a95f41c16f7b35b2e86359399f,科技,其中，多地更在建议中明确了本地发展重点，因地制宜具体部署当地低空经济发展路径。
669d6ba07ee93b207dd7c4b7a745aa2d,科技,"2025年12月10日，国产首款800公斤级重载电动垂直起降飞行器AR-E800首飞成功，这是我国低空经济领域不断加强技术攻关、实现""从0到1""突破的一个缩影。"
5921574624fb57daeb59262050b89d6f,科技,当前，低空经济产业链关键环节持续突破，从核心装备生产到基础设施建设，创新成果不断涌现，正赋能低空经济规模化商用加速落地。
e0843fd1a4341365318e33170cb3ddf8,科技,"核心装备领域，eVTOL作为低空经济的核心载体，产业规模持续扩大，2026年将迎来""取证量产大年""，多款主流产品预计完成型号合格证取证并进入规模化交付阶段。"
8ec63d6aa734bd296c3b47b6671a6bb0,科技,相关机构预测，2026年我国eVTOL市场规模将增至95亿元。
230be498970af2d25251e3d015835884,科技,无人机产业持续扩容，相关数据统计，2025年我国民用无人机市场规模预计达到1761亿元，2030年市场规模将增至4025亿元。
f7376f85d2476cf6baa76ccc24687485,财经,2026年低空基础设施将迎来集中建设期。
ba9f633653ade0c14765371232afefbe,财经,起降设施方面，深圳预计2026年建成1200个以上低空起降点，覆盖载人飞行、物流运输、社区配送及城市治理服务四大领域；
585cb603187c7edb57b8b544594a8901,科技,苏州计划2026年建成超200个垂直起降点，提前为eVTOL城市空中交通铺路。
318144d0699d3e4b713b9db853350770,科技,"通信网络方面，低空智联网作为""空中新基建""的核心组成部分，正以""通、导、感、管""一体化建设加速突破，为低空经济规模化安全运营筑牢支撑底座。"
b8bd839b33960fd293da37b72d119bf1,科技,"三大电信运营商加速推进5G-A技术与低空场景深度融合，各地纷纷加速布局""空中新基建""。"
f140d87ae8bc66b852c7a869d9e946b6,科技,上海将分阶段、分区域逐步实现基于5G-A的低空智联网覆盖，到2026年初步建成低空飞行航线全域连续覆盖的低空通信网络；
788c106f1f2101669400436a73777922,财经,深圳计划到2026年年底建成低空智能融合系统（SILAS），实现对全市重点低空空域7×24小时全面监控。
6eeb2d99616ee768f327a9249c004837,科技,当深圳的无人驾驶eVTOL载着游客俯瞰城市景观，当浙江的外卖包裹随旋翼飞向顾客手中，当长江船员轻点手机就能收到无人机配送的生鲜——低空经济加速从战略蓝图转向产业实景，正以看得见、摸得着的方式融入生产生活。
04d956632af0f62f52e1a33e23011732,财经,"2026年，随着关键核心技术的进一步突破和基础设施的日趋完善，低空经济应用场景将从""试点示范""全面转向""规模化商用""，形成""低空+物流、旅游、医疗、通勤""多元融合的产业发展格局，商业化价值将全面释放。"
c56388eabaee45593dca3bfa1926f021,科技,物流配送领域，美团无人机在深圳已开通50余条运营航线，累计完成超140万架次配送服务，2026年将进一步拓展夜间配送、跨区配送等场景，服务覆盖范围延伸至粤港澳大湾区主要城市；
f21555a03d073a7f83ff5a40be95d7a0,财经,医疗与应急领域，天津滨海新区开通的低空急救专线，将血液、急救药品跨区运输时间从1小时压缩至18分钟；
53e9dd6766126a3c4e38845bc30a2cab,财经,城市通勤领域，深圳—珠海跨城航线预计于2026年开启，单程飞行时间约20分钟，单座票价预计200～300元。
25c56620d84220d1bf0c810450f43152,科技,此外，无人机在森林防火、地震救灾、农业植保等领域的替代效应显著，一台植保无人机效率是人工效率的数十倍……产业生态的不断完善将推动低空经济市场规模持续扩大，赛迪研究院预测，2026年我国低空经济市场规模将突破1.06万亿元大关，正式迈入万亿级产业行列。
9eaa86fe95b134676508bcbc02ece603,科技,"2026年，低空经济正迎来政策、技术、需求的三重爆发期，在规模化发展的关键一年，将实现从""政策驱动""向""业绩兑现""的重要转型。"
cfe982bd150d3df73bec874c6688c3b6,科技,站在新的发展起点，低空经济将持续释放发展潜能，成为推动经济高质量发展的重要增长极。
38b917c50d9c3b1c3ecc8c0970de4cd0,科技,可见光与红外双模态融合技术显著提升无人机高空小目标车辆检测精度，在复杂交通场景下实现全天候稳定识别。
45adb02c2fefd8c6b21f75a8bb696f56,科技,多模态大模型实现 RGB 图像、红外热成像与点云数据统一理解，有效解决雨雾天气下交通目标检测退化问题。
f23cfc6f923302fb06c806b372c334bd,科技,无人机自动机巢配合 AI 算法实现 24 小时不间断道路巡检，大幅提升高速路网隐患识别效率。
5372684ef6d185dd8b3392c8421042a8,科技,轻量化跨模态特征补偿网络有效改善无人机低空小目标漏检问题，在实时交通监测场景中表现优异。
ccbd7e2f44fcc5404acac3efacf792c5,科技,空地协同巡检系统实现无人机与路面检测设备数据联动，交通事故响应速度与路面病害识别精度同步提升。
4b7dacc8c25b7c035d527cf30eea1c5d,科技,红外热成像技术在夜间交通巡检中突破光照限制，行人与车辆识别准确率保持稳定高水平。
e9519a3b04daee170875f6f97e4a9c22,科技,多光谱传感器与可见光图像融合实现道路裂缝、标线磨损等细微病害高精度自动检测。
13b400065344e48622ffdd530bf96279,科技,北斗定位与视觉融合技术助力无人机桥梁结构安全监测，实现关键数据实时上传与提前预警。
d0c7abfd0920c4ad0094ceadfd3e7e61,科技,双视图红外可见光融合网络在公开交通数据集上刷新最优指标，端侧推理速度满足实时巡检需求。
f47f910ccd92e24bdb0bfa53d63d047d,科技,5G-A 通感一体技术为无人机巡检提供低时延高可靠传输，实现厘米级交通设施精准定位监测。
981548ab95f46453ed743aee38f5f4f9,科技,三模态感知融合方案大幅提升极端天气下目标检测鲁棒性，有效抵抗沙尘、雨雪、逆光等干扰。
d42907009910cdfc4097e047958d8113,科技,模型量化与知识蒸馏实现无人机端侧 AI 模型轻量化压缩，在保持精度同时显著延长续航时间。
2dcfea0e4f328df99dace28990b9b972,科技,数字孪生技术结合无人机实时数据构建高精度交通场景，为城市交通调度与仿真提供支撑。
ae5fe7c6ad97665175feadc8b30a8f56,科技,空天地一体化政务巡检平台融合卫星、低空与物联网数据，实现交通、城管、应急多场景覆盖。
4525cadd40e2987a1484b95c70031f47,科技,多模态 AI 自动识别交通违章行为，证据链结构化生成并同步上传交管平台，提升执法效率。
ff4ece21b5f364a4237f0b0cfa8f12f5,科技,基于生成对抗网络的低照度图像增强技术融合红外信息，大幅提升夜间交通图像质量与检测效果。
70f65768eb050cab6d9e6e44a3cfff1e,科技,时序行为检测模型实现交通事故、拥堵、抛锚等事件秒级识别，系统响应时延控制在毫秒级。
321c32962d87e6193124140165f75023,科技,工业级无人机搭载双光吊舱实现大规模交通巡检部署，适应复杂野外环境与长时间作业需求。
90e505b47fda7d934856717bead66d86,科技,跨模态自监督学习降低无人机目标检测对标注数据依赖，在小样本场景下仍保持高识别精度。
bb7b1cfd9fdf1c97a6c5f6c1828c5c88,科技,低空经济政策持续落地推动无人机交通巡检纳入新基建范畴，多地启动空域开放与规模化试点。
feccb8e77a69a7a0ab051713a31f37be,科技,5G-A 通感一体网络构建低空全域感知体系，同时实现无人机通信、定位与环境状态实时监测。
9f6c64524c02f4fb0dc0f2beb515f0c7,科技,全国多条低空航路完成划设与测试，无人机交通巡检逐步实现常态化规范化飞行作业。
efd1b95d47192457e4caceffe5679e30,科技,电动垂直起降飞行器与无人机协同构建立体交通感知网络，提升城市交通全域覆盖与监测能力。
d7e64273548b91128ef3e68e5e504c22,科技,AI 驱动的空域动态规划系统实现无人机航路智能优化，有效降低飞行冲突与安全风险。
02ad6902e5af34cff0b2deb9dad709b9,科技,北斗高精定位与 5G 专网结合实现无人机厘米级悬停与跟踪，满足精细化交通设施检测需求。
8dcc4e2b0594a113f54776f8dea74aa6,科技,低空经济产业规模持续扩大，无人机交通巡检成为核心应用场景，市场增速保持高位运行。
6f9b13ac2eaf09e7653cbe842e309857,科技,无人机自动机巢全国组网加速落地，城市路网实现十五分钟快速巡检圈全天候覆盖。
8a7362813b6fe3f0312cf2c56465dd4e,科技,6G 通感融合试验网在低空场景实现突破，支持高密度无人机协同飞行与实时状态感知。
ff74c4243c84cb09ed3d5e587fe8b57b,科技,无人机公路巡检相关技术规范正式实施，设备选型、作业流程与数据标准逐步统一。
e1b9d0987079445985d2bc88d0fa0e4f,科技,低空数字孪生仿真平台为无人机自主飞行与避障提供训练环境，提升复杂交通场景适应性。
fbe7c6c85b5b73bc0f334bbc6098f5ba,科技,政府购买服务与市场化运营双模式推动无人机交通巡检商业化落地，项目盈利模式逐步清晰。
edd5d26eaf36f5fc5e2d334a8aa37511,科技,多省份建设低空经济示范区，无人机交通巡检作为标杆应用形成可复制推广方案。
7c28826d7548714e19a78fe6f74d4c03,科技,卫星遥感与无人机航拍协同实现大范围交通路网普查，快速识别路网变化与土地占用情况。
ce746d77987d0fba02448c2b546d72e1,科技,低频通信与 5G 专网互补解决偏远地区信号覆盖问题，实现全国交通路网巡检无死角。
48af7673d1ee99cd118c262ff00e16ca,科技,多无人机集群协同巡检技术实现大规模路网高效覆盖，单批次作业里程大幅提升。
d30aa328a5a1aee4bd9d3b08fbf8f7aa,科技,低空安全防护体系集成入侵检测、应急迫降与数据加密，保障无人机巡检作业安全可控。
98768cc096327bdf24be3aef2c8d9318,科技,无人机交通巡检行业标准体系逐步完善，覆盖设备、算法、数据接口与安全防护全链条。
c24b9ae590ac3d72743cab2df6d848d7,科技,一机多能无人机实现物流配送与交通巡检兼顾，提升设备利用率并降低整体运营成本。
541967fee8dacc4b4c940df7d29feee7,科技,低空经济进入规模化商用阶段，政策、技术与市场三重驱动无人机交通巡检快速普及。
f6b14c18e4151f79d404b2cc671d1d83,科技,边缘计算节点下沉部署实现无人机巡检数据本地实时处理，降低云端传输压力与时延。
5d0e0e7700a99e1acf2e7d20cb07c024,科技,计算机视觉小目标检测算法持续优化，显著改善无人机高空俯瞰下车辆行人漏检率问题。
d4b33089bab0336f3327633a6315d816,科技,Transformer 架构应用于多模态交通图像融合，全局特征建模能力提升复杂场景检测效果。
0497cfc82f8e09b040e8e2675f25f77d,科技,交通流统计分析系统基于无人机视频实现车流量、车速、密度实时计算与拥堵预警。
c689dc107e34f70a03eb4db4841cf6de,科技,红外图像细节增强算法有效抑制噪声，提升夜间车辆轮廓、行人姿态与路面状况辨识度。
c54bf0461bebe14fb39ca5d0ed9f2d43,科技,跨模态注意力机制动态加权可见光与红外信息，自适应昼夜环境切换提升检测稳定性。
7b232bb43d2ae0d94cf55d49e44e846a,科技,无人机视觉 SLAM 技术在无 GPS 区域实现自主定位与建图，保障山区隧道巡检可靠性。
4be57213828b0c0312b7c788b08d32f0,科技,交通标志识别与状态检测系统通过无人机巡检自动判断损坏、遮挡与老化情况。
92c5e3546ce27ce2f858151aad0fb4d7,科技,联邦学习技术实现多区域无人机数据联合训练，在保护隐私同时提升模型泛化能力。
b1c008b6e71be38b1a6a3f458c39c2ac,科技,路面异常温度检测通过红外热成像实现，提前预警路面沉降、结冰与易燃隐患。
98722783ea17252a25ca1dbedcaeacb3,科技,多机任务分配算法实现无人机集群智能调度，根据路网密度动态调整巡检路线与频次。
a1d295ae547b15b09247db8f80039583,科技,自动驾驶路侧感知与无人机低空数据融合构建全域交通感知体系，消除监测盲区。
2d4955af451e07ca6134d52cb9b6c258,科技,深度学习模型在恶劣天气交通图像去雾、去雨、去雪任务中取得显著性能提升。
8dd858e3f8cf1b48f4a5f3dccd7fea04,科技,无人机视频超分辨率重构技术改善高空远距离图像模糊问题，提升小目标检测可靠性。
d68fc49c601b9d77c2a3a0fb4b428561,科技,交通事件自然语言描述系统基于多模态数据自动生成巡检报告与事件说明。
9904494cd8e18c7f54c8b8f8be80779f,科技,轻量化 YOLO 系列模型适配无人机嵌入式平台，实现高帧率多目标检测与跟踪。
842ec5ba791dd7f0874be282cc702518,科技,道路积水、积雪深度通过视觉与点云融合估算，为交通管控与预警提供数据支撑。
b7b4e46cd05fa55bff9bf3e4f7bff27a,科技,跨域自适应算法提升无人机巡检模型在不同城市、路况与天气下的迁移能力。
c7a12dab8601dc4734f5ecca4af340ee,科技,无人机自主充电与精准降落技术实现无人值守长期巡检，降低人工运维成本。
9202579808317573ead0f8c9da71b1af,科技,车辆逆行、占道、违停等危险行为通过无人机视觉实时检测并自动告警。
4c3f066b9534d977a880d274ef1cfdb3,科技,多模态检索技术支持从海量巡检视频中快速查找特定车辆、事件与路段信息。
491e390c419196064d6c35cb9b28d02b,科技,车路云一体化系统接入无人机低空数据，提升智能网联汽车环境感知范围与可靠性。
3b143298c5be25ec60990259a7beb4a8,科技,红外人体检测技术在夜间交通事故救援中快速定位被困人员，提升应急处置效率。
443da1cd83c474ab4257fd26aaa968db,科技,路面平整度检测通过无人机视觉序列图像实现，替代传统人工检测提升效率与安全性。
b201a390c733d9c20bc1f316bff8d96e,科技,动态背景建模算法抑制无人机运动模糊，提升移动平台下目标检测与分割精度。
3e46748a537e4c0fb3cadaf0e909a792,科技,交通信号灯状态识别与故障检测通过无人机巡检实现全域覆盖，弥补固定设备不足。
b94ceebc6b075a453605cb7359df7b25,科技,多模态对比学习在无标注交通图像数据上预训练，显著提升下游检测任务性能。
942afb2f8f011eee802ce83862f0f72a,科技,无人机巡检路径规划基于强化学习动态优化，兼顾覆盖度、能耗与实时性需求。
1c0f6e2d50f227d3c3266694c448712f,科技,高速公路护栏、防撞垫等安全设施破损通过视觉算法自动识别与定位。
ebd25f6b0d96ecaac208e6004cce5f10,科技,雾天感知增强算法融合红外与可见光信息，恢复目标纹理提升交通目标可识别度。
5c0c80a5c9919cd40f0fa322668914f0,科技,边缘智能与云端协同架构实现无人机数据分层处理，兼顾实时性与复杂分析能力。
b07e579c815b749a975b2b1c88687795,科技,乡村道路智能巡检依托低成本无人机实现，补齐农村交通基础设施监测短板。
3ac46db9a0652b023c4402c731741a95,科技,车辆碰撞风险预测模型基于无人机交通流数据实时计算，提前发出安全预警。
40ce2e0d45ea5ff20d13bff9cc30b87c,科技,高光谱成像技术应用于路面材质分析与老化程度评估，支持道路养护决策。
38f3cc47b68f6934915cda7a680580fb,科技,无人机巡检数据上链存储实现巡检记录不可篡改，提升交通设施管理规范性。
1808026656d3655f12c489e3dd2ab6e5,科技,夜间强光抑制与眩光消除算法提升无人机成像质量，保障夜间检测稳定可靠。
b00957ddd4785f4b750febaaa4ae069a,科技,隧道内环境感知依托无人机多模态数据实现，克服封闭空间信号差与定位难问题。
5ee984b50ff576d38cf29b910d9cc36f,科技,新能源汽车充电桩状态通过无人机视觉巡检自动识别故障与占用情况。
fae335dd67dc492ee94aa93f4961891b,科技,大型桥梁索力与外观缺陷通过无人机红外与视觉融合实现非接触式自动化检测。
0ec497e186ce8bc7f0af394dff550b7c,科技,城市内涝监测结合无人机高程数据与视觉识别，快速评估积水范围与交通影响。
2e0e0a36ffc5a7a0e809330d3b2fd8be,科技,施工路段智能监管通过无人机实时识别违规作业、占道与安全隐患。
af272fccf232410c77eb6870fd2a4420,科技,野生动物闯入公路场景通过无人机多模态检测及时预警，降低交通事故发生率。
3a8ce9b86c1b9d4050128a378e53ad6f,科技,隧道裂缝、渗漏水等病害通过无人机高精度视觉系统自动识别与量化评估。
32527c932c4a66bc9c38ac53ce94d9fc,科技,多模态时序跟踪算法实现车辆连续轨迹监测，支撑交通违法行为完整取证。
4e57ad3632c7b6bede41333122339af0,科技,风廓线雷达与无人机感知融合提升复杂气象条件下交通巡检稳定性。
9c3ca0234eb7a1144ac639c856cce1b0,科技,城市高架道路巡检依托无人机实现全覆盖，替代传统登高作业提升安全性。
bd6e34659bd1f01ad7b5c2c95c1552ab,科技,交通事故现场三维重建通过无人机图像快速生成，为责任认定提供数据支撑。
4e31a1b0636085eaadc4708941c4c833,科技,路面结冰、结霜通过红外热成像与纹理分析提前识别，保障冬季行车安全。
6186c39c5e0681381d09bf1593b18226,科技,无人机搭载气体传感器在交通隧道内实现有害气体浓度实时监测与预警。
307e89db519c46bdb05ed08bb94c0245,科技,智慧停车管理通过无人机航拍实现全域车位统计与违规占用自动识别。
2e1e2c3e953e3aff876b329bc6040409,科技,交通枢纽客流密度监测依托无人机视觉分析，提升大型场站安全管控能力。
fc3dedad4ba954e389a699dd2dfa906f,科技,长下坡路段刹车过热隐患通过红外热成像检测，提前预警货车自燃风险。
723cd1ea2848e6d032e024f43cb271c3,科技,多模态模型在昼夜交替场景下自适应切换，保持交通目标检测精度连续稳定。
311cfcad3d0a8f53fae2fdb241ede751,科技,山区临崖路段护栏缺失与变形通过无人机巡检精准定位，降低坠崖事故风险。
760ea15b0cbf7e2270588e017576ed0e,科技,高速公路服务区车辆拥堵与违规停靠通过无人机 AI 系统自动监测与告警。
f65e80270184758b50518ed2ab6cc25f,科技,城市快速路匝道合流风险通过无人机交通流分析实时评估并优化管控策略。
6c7692b60f9c14fe05bdb24b2c4fc321,科技,无人机巡检大数据平台构建路网健康档案，为全生命周期养护提供决策依据。
0b69c583a3832a3a99af53b0f6211de1,科技,抗雨雾光学组件配合 AI 算法提升无人机在阴雨雾霾天气下的巡检可用性。
c61dddee491d2b9ab5487324f3bef6c6,科技,轻量化特征金字塔网络强化小目标感知，进一步提升高空车辆行人检测效果。
a43818d15eb84fb05c08aa66027ed7e8,科技,交通设施老化程度评估通过多时序无人机图像对比分析，实现量化分级管理。
cffe7ae63be1b2d9607025c5e2064707,科技,无人机自主避障系统融合视觉与红外感知，适应复杂交通环境安全飞行。
d7861927589cb2d4e0bcf4a4c8dda060,科技,全域交通态势感知平台整合多源低空数据，为智慧城市交通治理提供支撑。
21a8cd8c03252693f340dc5addec9db2,娱乐,某歌手全新专辑上线当日登顶各大音乐榜单，多首曲目刷屏短视频平台。
69be8e25737eb873ff988879e14e8629,娱乐,顶流男星主演古装剧开播即破收视纪录，服化道与剧情节奏收获观众好评。
f25a9ad3a4d87e7fa5d2147689eb0b64,娱乐,热门女团举办十周年纪念演唱会，舞台复刻经典舞台引发全场大合唱。
26f9b9248cecc5c7df65252036c45357,娱乐,实力派女演员凭借文艺片斩获国际电影节最佳女主角，演技再获专业认可。
cd07484905408450f472ec5f9665ff5c,娱乐,某男团成员官宣个人巡回演唱会，多城门票开启预售瞬间售罄。
2d4b53d3d65c36929d20210654f13d77,娱乐,热播甜宠剧迎来大结局，主演合体直播回应观众意难平情节。
d1ba66d9f713cdcc1c3f6f7f3c4f8cf5,娱乐,老牌歌手推出翻唱专辑，重新演绎经典老歌引发跨年龄层听众共鸣。
edc46b84c0c44c268dfe17a9148a299f,娱乐,选秀综艺全新季官宣导师阵容，唱跳前辈与新生代音乐人跨界加盟。
1793bc4a3bac6e8b2dece6167c75b5c3,娱乐,某女星时尚大片曝光，多套高定造型登国内外一线杂志封面。
8f04ae04b07fb80f7d813d5ea0709c6a,娱乐,喜剧电影点映口碑爆棚，笑点密集且温情走心被称清明档黑马。
c456bc8c2e92b1cb1b2bbb8906b4f173,娱乐,男星被曝进组拍摄现实题材剧集，为角色提前深入生活体验采风。
5c482da9b8e9ccd341bd824e7648b02c,娱乐,某组合久违合体登卫视晚会舞台，全开麦唱跳舞台实力引发热议。
8fdcf8686b6bf1918c6d808cd1135d8e,娱乐,悬疑网剧更新关键剧情，反转不断登上热搜引发观众烧脑推理。
3375dc0482ce050e700d2b9caa3cb9b9,娱乐,女星公开健身日常视频，自律状态与身材管理获网友点赞。
0d97fdef38f3b3f182691505c9294f68,娱乐,音乐真人秀迎来踢馆赛，素人歌手惊艳演唱征服全场导师与观众。
2c6714ac82826ab166aaf662f8b7b2ba,娱乐,某顶流艺人官宣代言国际奢侈品牌，官宣当日相关话题阅读量破亿。
4594cc2df46915a5a65ed4a415975567,娱乐,古装仙侠剧发布全新预告，特效场面与演员原声台词获观众期待。
f8c07e418bff8d567d42a9512836ac39,娱乐,相声社团巡演抵达新城市，现场座无虚席互动环节笑点不断。
f424b299c856268b224fcffeec3af6f7,娱乐,某歌手因舞台即兴改编歌曲登上热搜，独特唱腔收获大批路人粉。
0575e290b3b50ea15d4d0c74a13f7f15,娱乐,姐弟恋题材都市剧热播，真实细腻的情感刻画引发年轻观众共鸣。
0ede4191f03dd9b2a797305ac30724a8,娱乐,男星受邀出席国际时装周看秀，简约造型亮相海外街头引发围观。
c56950d700040d64ddd555a07ff303bc,娱乐,女团成员发布个人舞蹈 cover 视频，流畅舞姿与镜头表现力获好评。
39cae01cbfab313a29548b145a1a9d79,娱乐,家庭情感剧聚焦代际沟通，真实剧情戳中众多观众生活共鸣点。
71397aec7be6366cc70807074313134c,娱乐,某乐队官宣重组回归，发布全新单曲宣告正式重启音乐事业。
6f19d9aadddf5cf1f9c8e56bc24d52b6,娱乐,童星出道演员成年后首部男主剧开播，演技突破摆脱过往标签。
65d71c328c556cd0e14dc3d475544eed,娱乐,户外竞技真人秀录制路透曝光，嘉宾全员素颜参与挑战引发关注。
5efce6ce2ee2b4d3a9f90966cb92e546,娱乐,某女星被曝低调投身公益，连续多年资助山区儿童未主动公开。
a66a39ba8af9ddc4ffc87352dd936fb2,娱乐,悬疑犯罪电影官宣定档暑期，实力派演员同台飙戏引观众期待。
5d48988ff47a5c0aa3eab3f184894722,娱乐,男歌手直播回应新歌争议，坦诚创作初衷获得部分网友理解。
2be6d88d01af1a7155556a8a605ad2ec,娱乐,古装探案剧更新案件高潮，逻辑严密的推理过程收获口碑上涨。
d686ba9facca58a82826078bd651a05f,娱乐,选秀出道组合迎来出道纪念日，成员集体发文回忆过往引发感慨。
bfd43243a4e9b15d9a5c3984b45ffc52,娱乐,老牌港星现身内地综艺，即兴演唱经典金曲唤起观众青春回忆。
42071aa1f95039b2f91cec798d6e465a,娱乐,职场剧聚焦互联网行业真实生态，剧情真实不悬浮获职场人认可。
bb43e462e326a9b45cfec561c84d690e,娱乐,某网红转型歌手发布首支单曲，上线三日播放量突破千万。
35f510f546823417026d4d8a5aa6b648,娱乐,奇幻爱情剧发布 OST 歌单，多位实力歌手加盟献声提升期待值。
793138938dcdad653703ef5a2f8fa8ed,娱乐,男星因剧中哭戏感染力登上热搜，细腻情绪演绎获业内肯定。
5e4f09931a21cacfff22e2375510bdfd,娱乐,音乐竞技节目总决赛落幕，黑马选手逆袭夺冠引发全网讨论。
0406c48ba11dadc2308ef7d968b358b9,娱乐,女星出席活动生图曝光，状态能打被网友称赞冻龄颜值。
e2aab52b082a5182f0a3834653e0f7d0,娱乐,军旅题材电视剧热播，高燃场面与家国情怀打动众多观众。
e287b2018cd4d40a66bbbe46d743ef9b,娱乐,某组合成员官宣 solo 回归，预告概念照氛围感拉满引发期待。
83aab2ece58d90660b8f03f19978ff6e,娱乐,喜剧综艺新一季开播，嘉宾默契配合笑点密集收视节节攀升。
e9ffbdc9d1a43d0ea840e24b98ca3ad1,娱乐,电影主创举办路演见面会，与观众现场互动分享幕后拍摄故事。
55aaa9a5e05e1eb3e6feaf82711515b8,娱乐,男星被拍到低调健身，为新戏塑造身材线条引发粉丝期待。
0ff5fc867a3570e841820fcce7659aac,娱乐,古风歌手推出原创国风单曲，融合传统乐器旋律出圈走红。
37b124457560285b515d84f2fd8cba60,娱乐,都市女性群像剧热播，聚焦女性成长与职场困境引发广泛讨论。
5e4ff588dac01c9a6e5896adcce4b61e,娱乐,某艺人跨界主持综艺，控场能力与幽默表现获观众认可。
704ca6f69e891cd922ce5aea7d3cfde9,娱乐,悬疑短剧全集上线，快节奏叙事与多重反转收获高分口碑。
599d7f43ee0713549618396faafe9e13,娱乐,女团举办线上粉丝见面会，与粉丝互动游戏环节欢乐不断。
942a23005dd61bfc39bcf50685480379,娱乐,实力派老戏骨客串热播剧，短短几分钟戏份惊艳全场观众。
4a97ed1c4e118e758ca4e19aedf0bec9,娱乐,某歌手演唱会突发设备故障，临场清唱救场展现扎实唱功。
1244fb0dcedc3a427a77abf94db3734c,娱乐,古装偶像剧发布大婚名场面片段，唯美画面登上热搜引发热议。
de95040da0db5ff0a71a2b75dd8d0f2c,娱乐,男团成员参与户外真人秀，反差萌性格圈粉无数路人观众。
9250342c57a9f37bd026de4191ac804f,娱乐,奇幻冒险电影票房持续走高，视效场面被称国产特效新标杆。
5bd2e9d18fea82e887a5901f30fae73b,娱乐,女星官宣出演经典 IP 改编剧集，造型路透曝光引发书迷讨论。
96122736fe5ba77bc0a83adf7bcf032b,娱乐,民谣歌手开启全国小场地巡演，场场爆满收获文艺青年追捧。
801f8c19452c7aa89432c2e6e4a176a4,娱乐,职场恋爱剧高甜名场面刷屏，主演 CP 感拉满登上热搜榜单。
da8153c6b42976f6b02a5d5658043a06,娱乐,某艺人因言行不当引发争议，工作室迅速发布声明回应道歉。
b7ebf73433fa036ee737a2828306deaf,娱乐,年代剧还原复古生活场景，服化道细节考究获历史爱好者好评。
214f26a292003d1a01fb1878a2fab040,娱乐,乐队音乐节舞台压轴登场，全场大合唱氛围燃爆现场。
53b5d1b146110d37be96134cf71bd645,娱乐,男星发布 vlog 记录剧组日常，幽默性格缓解拍戏紧张氛围。
794f9b6019bc83c813275c0d40e01611,娱乐,甜宠短剧凭借轻松剧情走红，低成本制作收获高播放量。
194428258f4f30769ca7d814847bbd03,娱乐,某女星尝试短发造型曝光，清爽风格颠覆过往温柔形象。
7baa4df76c892bc0f1e85b7ac5a22e8d,娱乐,竞技类综艺迎来总决赛，嘉宾全力以赴争夺最终荣誉。
5c4dcfa8312277a6e1ee9ffbaa42d244,娱乐,历史正剧主创团队受访，透露为还原史实查阅大量史料。
0bd35d64fa7a727ebd33a9d59ef024fc,娱乐,男歌手合作海外音乐人发布双语单曲，登上多国音乐榜单。
277955885a55b9a33bd62decfe2cb745,娱乐,古装剧配角凭借亮眼人设出圈，演技自然收获观众喜爱。
dff45a5a4443ccfd70eed822d0d5e800,娱乐,某组合久违合体拍摄团综，旅行互动画面治愈众多粉丝。
c0c969a0547bb6d29e6f7a7099c44d42,娱乐,现实题材电影聚焦平凡英雄，温情故事戳中观众泪点。
6e695719d078934322bfe5fd63a29aee,娱乐,女星出席公益活动现场，素颜出镜亲和力十足获好评。
0b3a9abfcd3de29a756815e570372368,娱乐,说唱歌手发布全新 mixtape，歌词真实犀利引发年轻群体共鸣。
485329c84288af75e7a511dc5f12f3db,娱乐,都市奇幻剧设定新颖出圈，脑洞剧情吸引大批年轻观众。
2bee2131b136d0cc355c9725d1663a85,娱乐,男星被曝低调学习新技能，为后续角色做准备获粉丝称赞。
05ffe3d7e59c3854ceee8564d9d387ab,娱乐,某女团成员因舞台直拍视频走红，业务能力能打引发关注。
ed2a1a53daeab8ac8ff37fc39939f122,娱乐,家庭喜剧聚焦育儿日常，轻松搞笑剧情适合全家观看。
5ef3bdd1ef47741d48baa8d76341f0c8,娱乐,国际歌手来华举办巡演，内地站门票秒空彰显超高人气。
b312ec740e508dc761b02b712b887e4a,娱乐,悬疑剧大结局揭晓终极凶手，逻辑闭环获观众称赞全程高能。
99e4ebf48e3f37503fb7de5ed6d5bf85,娱乐,女星跨界发行个人书籍，分享成长感悟与生活态度。
4f2b4f914ca9351c780b9cf7ceb33b31,娱乐,男团全新回归主打曲 MV 发布，高级质感与编舞获业内好评。
d4177c4b91589bdcb3e6a427a31c4a94,娱乐,乡村题材电视剧热播，真实展现乡村振兴变化引发共鸣。
8603594915a5be79081c10b894fbe535,娱乐,某艺人受邀担任音乐赛事评委，专业点评获选手与观众认可。
896d96123c812169f916187e02a36753,娱乐,爱情电影发布幕后花絮，主演片场互动甜蜜氛围感拉满。
7ebdea793b01ec7d5dd520a7dae688f3,娱乐,古风女团推出国风舞台，融合戏曲元素展现传统文化魅力。
8602b47912cc1b4c8395f865500c5862,娱乐,男星因健身身材登上热搜，自律坚持获网友正面评价。
eb81f4d05ab0cc5dc9015004d69de5b7,娱乐,某歌手为热播剧献唱主题曲，旋律洗脑迅速刷屏短视频。
83db6b6dba62b38665fd8f5d245ec68e,娱乐,职场轻喜剧凭借反套路剧情走红，金句频出引发观众共鸣。
4fcaf4b7904031bca83f2871142de6fd,娱乐,女团成员 solo 出道舞台曝光，全开麦唱跳实力获认可。
d515073daff42666d6bbfcf1cbae8360,娱乐,历史传奇剧战争场面还原度高，恢弘制作获观众称赞。
df34437d0e8342024ccfbb2806273672,娱乐,某网红歌手登上卫视晚会舞台，完成主流舞台首秀。
c4ac73b7c4080d72f7c366e1f7981637,娱乐,男星主演话剧开启巡演，舞台台词功底获话剧爱好者肯定。
01f6266e7e875ecbb0cb7b7209d41b4b,娱乐,都市情感剧聚焦中年爱情，细腻刻画引发成熟观众共鸣。
0e0089515830ec6cebcd57f098833b8a,娱乐,某乐队登上海外音乐节舞台，展现中国原创音乐实力。
b3e90011fcf82ece922356fb90ca53f6,娱乐,女星尝试武打戏路透曝光，打戏流畅不用替身获称赞。
d8f467f5c933af8b80af2b2ed46fff17,娱乐,音乐综艺推出特别企划，经典歌曲新编引发回忆杀。
b2e54fa11adcdb00b705c480ee80a77f,娱乐,古装剧 OST 合集上线，多首曲目轮番登上音乐榜单前列。
dd23c7817b0c3398c574bf13edf15581,娱乐,男星低调捐赠物资支援灾区，默默行善行为被网友曝光。
58e2bc1453aed71f385a99cfd4f80363,娱乐,奇幻剧集特效制作获好评，被称国产玄幻剧新标杆。
e32a6150cb0b864aaa7a3f3619bb0627,娱乐,某女团迎来成员毕业演唱会，全员泪洒现场不舍离别。
d0bde35788167af96a81be900bff1a68,娱乐,悬疑电影凭借细节伏笔出圈，二刷三刷才能看懂全部线索。
d0a697085f4faee4216c90982ceea5ee,娱乐,都市剧聚焦独居女性安全，现实议题引发社会广泛讨论。
b1aa18b8cec81b71a7122d1d728f82af,娱乐,男歌手推出不插电版本歌曲，纯粹嗓音治愈众多听众。
1b7a211581fd71f66e37e165591305af,娱乐,老牌组合再度合体登综艺，回忆杀舞台引发全场感动。
9d23c3ce87b1d7925bedf746a4e53008,体育,国足热身赛凭借下半场关键进球击败对手，全队状态稳步提升备战世预赛。
95c1f46ee084e56f17c552345738c97b,体育,CBA 常规赛收官战上演绝杀好戏，外援压哨三分帮助球队锁定季后赛席位。
d9212974ac203a44bcb1d6cf1c3fbfa3,体育,中国女排公布新一轮集训名单，多名年轻选手入选补充队伍活力。
065837b8f2a595d9dfbef684f628a8c5,体育,乒乓球亚锦赛中国队包揽全部七项冠军，展现压倒性整体实力。
d6b72846815807fd566c881fb45492c7,体育,NBA 球星单场狂砍 60 分刷新个人赛季得分纪录，带队逆转取胜。
afd8f7d1992eb6d29aa25210e5a13f39,体育,中超联赛新赛季开赛，多支球队引进强援掀起争冠热潮。
8814221dbc34c4a5b11f57d455f75155,体育,羽毛球世锦赛国羽斩获三项冠军，混双组合实现卫冕。
a54611e8eb05a3035b96ca6b586da63d,体育,田径世锦赛中国选手女子铅球摘金，连续多届站上领奖台。
53a3256d948049af6d96df0e8ea795b2,体育,网球公开赛男单决赛上演五盘大战，老将逆转新星夺得冠军。
d9d1232ae9dc21683348b4174e0672b5,体育,女篮亚洲杯中国队大胜日本队夺冠，全队配合流畅攻防均衡。
ddce5a048d089599bb5fa6c0e5d4c1c3,体育,欧冠半决赛次回合出现惊天逆转，球队客场大胜晋级决赛。
91ae970415b16d0045badab37afbe5ca,体育,游泳世锦赛中国选手打破亚洲纪录，男子百米自由泳创历史最佳。
412de959963dd0eb1ba17c790a2e268a,体育,男篮世预赛中国队顺利出线，年轻球员获得大量锻炼机会。
ef9c364956466af1f18bb7d21e683027,体育,英超联赛争冠进入白热化，积分榜前三差距仅有一分。
1a27c860eed0eef1ce9c2878c8925adf,体育,F1 大奖赛本站比赛中国车手收获积分，刷新个人赛季最好成绩。
e61f0ad06d4ef0f49c044e42ca075974,体育,排球超级联赛总决赛第七场决胜，主队客场夺冠创造历史。
69f9c2e8e7cf297cbe39340985c493aa,体育,高尔夫巡回赛中国选手首次夺冠，实现该项目历史性突破。
1ff27602dc31c01b392a76b48a708333,体育,速滑世界杯分站赛中国队摘得两金一银，短距离项目持续进步。
4e0425555f5766442660c3ac8a85dc1a,娱乐,西甲联赛豪门球队爆冷不敌中下游队伍，争冠形势再度混乱。
79312de92834073a21fa68d0899f9ade,体育,电竞世界杯中国队夺得冠军，团队配合与战术执行广受好评。
e057e639f0e54153af8718b982ede480,体育,马拉松赛事在国内多城开跑，万名选手参与掀起全民健身热潮。
d9ea97564730b70ae94382b43ce1a744,体育,花样滑冰世锦赛双人滑中国组合稳定发挥摘得银牌。
06d33270e7f044efbfc401782c970370,体育,UFC 格斗赛中国选手首回合 KO 对手，拿下年度第三场胜利。
3b85389aef9d8120e4fe986a2f9c90b5,娱乐,德甲联赛班霸球队提前四轮夺冠，实现联赛十连冠伟业。
dd5a9f6c270bbc2d70a0d436ea4f4093,体育,帆船世锦赛中国选手实现奖牌零突破，展现海上竞技实力。
367b4b322133a566ed791d7fb409ac6d,体育,举重亚锦赛中国队多名选手打破世界纪录，包揽多项金牌。
475f99c632a90317c636bb6eb5631e62,体育,射箭世界杯中国队团体夺冠，最后一箭绝杀对手。
cffe17ed0e9178654608592388a62fab,娱乐,法甲豪门提前锁定冠军，队内射手王刷新联赛进球纪录。
4adee8cbc23c82f41448f6ec00412177,体育,自由式滑雪世界杯中国选手斩获金牌，雪上项目持续突破。
61b34f06918fe3aa2cde648d6d23aff7,体育,拳击锦标赛中国选手斩获 52 公斤级冠军，攻防技术全面提升。
52bc54ee5ad584bfa305faec3638387a,体育,美职篮季后赛首轮出现黑八奇迹，常规赛第一惨遭淘汰。
06105af8b2011bf7adcf614430568d30,体育,女足联赛新赛季开幕，多支队伍补强阵容冲击冠军。
366c1cc99530eeb0b4cc38b6a09ae27d,体育,攀岩世界杯中国选手速度赛摘金，成绩逼近世界纪录。
dfcf217118fb7d79c48ca72da2d6dc9e,体育,世界女排联赛中国队豪取九连胜，稳居积分榜首位。
bdea905c11c34edcb7c25037e60c4aee,体育,斯诺克世锦赛中国选手闯入四强，追平个人历史最佳战绩。
233e6b26eeaf55dc8b090866287a967d,娱乐,意甲联赛争冠与保级同时进入最后阶段，局势错综复杂。
64133e5358dfcdc39cc229f57b008a3b,体育,皮划艇世界杯中国队收获三金，静水项目优势明显。
416b8d3a090325205d50f7ba3eadaa04,体育,短道速滑世锦赛中国队接力项目夺冠，展现团队默契。
725a51c6862dd072fe3abef0eb0494aa,体育,橄榄球亚洲杯中国队夺冠，历史首次跻身世界杯决赛圈。
97a2b9a0ca438d47fbc102976ac93baf,体育,世界篮球峰会公布最新实力榜，中国男篮位列亚洲第一。
64419679c6f981a90c6f751709613e66,体育,滑板世锦赛中国女子选手摘铜，街式项目稳步提升。
80c5b18d43ea2aa10f5c05e10ddaf9e3,体育,柔道大满贯中国选手斩获两金，地面技术表现突出。
10eb978b858b31189ee4dd1143c044c0,体育,世界田径接力赛中国队男女 4×100 米均晋级决赛。
e306a767e582532ca0778ea77b2fe055,体育,NBA 季后赛球星上演绝杀，带队抢七获胜晋级下一轮。
80964ea4ae945b0992880c26268353bd,体育,羽毛球公开赛国羽男单夺冠，终结近一年冠军荒。
bfb168950fa33239411f1d167f0634a8,体育,排球亚俱杯中国俱乐部横扫对手夺冠，实现三连冠。
7200b8e8e9a80539e0f10e94e093824b,体育,世界杯预选赛欧洲区多支强队爆冷，出线形势扑朔迷离。
d4d3e44c61c9a78521e8b904ad86e72f,体育,射击世锦赛中国队拿下多个奥运席位，气步枪项目表现强势。
31446f284d4566731a20a14bdb40d453,体育,铁人三项世界杯中国选手获得季军，创造亚洲最好成绩。
d993c924bfa2bbc049a42776dfc9315f,体育,世界围棋团体赛中国队夺冠，延续围棋项目强势地位。
e777390499d120b7f0b679213ce85278,体育,冰球世锦赛中国队升级成功，重返顶级组别赛事。
7ae494502fe9eef52c87f9a905817576,体育,赛车拉力赛中国车手拿下分站冠军，创造国内车手最佳战绩。
58da6311c10472b50ed78eea788024be,体育,女足世界杯中国队小组赛两胜一平，顺利晋级淘汰赛。
dcb0af0f6fa02e6c057f84e63bc5fcc8,体育,乒乓球冠军赛中国队包揽冠亚军，内战展现顶尖水平。
07cf9f5b1015a90ab6f4512b3049a284,体育,世界游泳锦标赛公开水域比赛中国选手收获银牌。
78ad42e90118a4a0d03c55ba541b4c88,体育,NBA 新秀赛季数据公布，本届新人整体表现创近十年最佳。
43ed3ff9b4cbd181b5f1524465afcaa4,体育,女排超级联赛外援政策调整，多队引进世界级选手。
10081ec2a35fc899902bc6524e9943b8,娱乐,国际象棋奥林匹克赛中国男女队双双夺冠，创造历史。
30ece3b5ef9ecfe7c4517a305696b4d5,体育,龙舟世锦赛中国队包揽六金，展现传统体育项目实力。
e447cfb436eaa66c640cf55b07bc87bc,体育,世界跆拳道大奖赛中国选手斩获两金，竞技状态火热。
8b4381a7714d1b74d353392573cb4e46,体育,荷甲联赛青年军夺冠，队内多名新星引发豪门关注。
2e92b215b0a8b64e1d25777c73d20cc1,体育,山地自行车世界杯中国选手闯入前五，越野项目突破。
0f2b2f24b2df71c1134a7453da757fe6,体育,世界棒垒球锦标赛中国队晋级八强，创造近年最佳。
c27d7ba454a56a3a03c14737493a88dc,体育,电竞联赛总决赛上演巅峰对决，主队让二追三逆转夺冠。
532372fb9f240fb1aac70faf9838ceba,体育,世界击剑锦标赛中国队佩剑团体夺冠，反击战术亮眼。
bee1b30ed24b6e3f1adddd3ee323758d,体育,橄榄球超级联赛中国俱乐部夺冠，本土球员快速成长。
d17c2425be0433d235811bed05396da2,体育,世界跳水系列赛中国队包揽全部金牌，难度与稳定性兼备。
047cd7eeed7032dc48515007b85c1a92,体育,男篮亚洲杯预选赛中国队大胜对手，提前锁定正赛席位。
586f2ec80eefb3de6ca4d71cac141a0d,体育,世界沙滩排球巡回赛中国组合夺冠，网前优势明显。
b175e1e75ec457a45669a45305aa0863,体育,国际田联钻石联赛中国选手百米跑出赛季最佳成绩。
bccc20959404d77ce8a27b28dc9268b2,体育,世界柔道锦标赛中国选手斩获金牌，寝技发挥出色。
8e6aaec3e4f433de4d3c36a2c1a43309,体育,世界帆船对抗赛中国队首次晋级决赛，展现逆风翻盘能力。
e2b1fbe66e2351679523d47a92d840af,体育,世界速度轮滑锦标赛中国选手打破短距离纪录。
79e3de9b509e8bab239f53e2a72f3298,体育,世界拳击联赛中国战队击败欧美强队，晋级总决赛。
ea5da0b35edb6bf0bc34eac9df57bc63,体育,世界壁球锦标赛中国选手创历史最佳，闯入八强。
ca4000f571ee980ce31ea64163c77de8,体育,世界现代五项世锦赛中国队混合接力夺冠。
6505160617f609cc3aec2a90f0297282,体育,世界定向越野锦标赛中国队获得团体铜牌。
312e67873d7717e5b56e73c55f3248fa,体育,世界空手道锦标赛中国选手斩获两金，竞技水平稳步提升。
992fb7f1d88be1fd690936332a4ba509,体育,世界曲棍球世界杯中国队女子队晋级半决赛。
00621e3d280b01e5670001d783e4121c,娱乐,世界保龄球锦标赛中国选手单人项目摘银。
a433fb6ea4bb37dab1cf0c1814edc433,体育,世界龙舟俱乐部锦标赛中国队拿下总冠军。
4ba46f5928e5411727fe7ab318efaa42,体育,世界拔河锦标赛中国队夺冠，团队力量与配合兼备。
d6dd373a88a60122fe60682c76f898a0,体育,世界艺术体操锦标赛中国队集体项目摘铜。
309029c5a2be4181782d7bdf912658be,体育,世界摩托车锦标赛中国车手获得积分。
b9ac576556941cb3a0b778d869d2a217,体育,世界赛艇锦标赛中国队双人双桨项目夺冠。
adb63c6fd4f7b79087bdb0433ce42553,体育,世界飞镖锦标赛中国选手首次晋级正赛。
776a5ad22faf4bec9e93784dd4484d1d,体育,世界藤球锦标赛中国队包揽冠亚军。
c279d4af64ef6ce6e65e65bec6323c53,体育,世界卡巴迪锦标赛中国队晋级四强。
f2f526ba48c571a3203d234a7c5f4788,娱乐,世界水球联赛中国队女子队晋级总决赛。
514d8c4fae7a5536d0106da645d46a41,体育,世界合球世锦赛中国队创历史最佳战绩。
1af26e3f61d7d180ac60cbb57f673a06,体育,世界毽球锦标赛中国队斩获四金。
b461d28f46172d3f25fd2b7195782241,体育,世界马球锦标赛中国队首次参赛收获积分。
78d7a73ce7f662aba2e704ee10cd4158,体育,世界门球锦标赛中国队老年组夺冠。
3815ca364cac895eb04250136aade5e6,体育,世界台球团体赛中国队夺冠。
4b63a1a162ec7bd7d18d26e2417ff4c4,体育,世界轮滑球锦标赛中国队晋级八强。
965c009b81bae8547d02d78208f6af16,体育,世界草地滚球世锦赛中国队摘得银牌。
6a375f1889f105596eb4b2ddde6a477b,体育,世界掷球锦标赛中国队斩获一金一银。
4d47d40d0936765f1b6f504a2b9dd96b,体育,世界健美锦标赛中国选手获得健体项目铜牌。
c620bbdcd4833aa43b46254ffd8384e2,娱乐,世界健身锦标赛中国队女团夺冠。
1da86f7d4cbc5e5e9fd1cd1705cbfa9c,财经,我国一季度 GDP 同比增速超市场预期，国民经济延续回升向好态势。
76fa81f38317c02d69ddb678f39ba61a,财经,全国一般公共预算收入稳步增长，财政支出重点向民生与基建领域倾斜。
f8f9e66ac6bb69b0cd948116d1851b9b,财经,央行开展大额逆回购操作，平稳跨季资金面，维护市场流动性合理充裕。
a429167e84f873772e4043b3d6ea2f37,财经,10 年期国债收益率小幅上行，市场对通胀与政策节奏预期有所调整。
f21b1f0e0fda3ed23eda95de33f53d6b,财经,人民币对美元汇率中间价小幅调升，跨境资金流动保持总体稳定。
66229853d1f6e883ff4012f4ad81b9c9,财经,国内 CPI 温和回升，服务消费价格上涨成为主要拉动因素。
ce0bfb0062b161d431dce3974f0ab17a,财经,PPI 结束连续下行态势，上游工业品价格逐步企稳回升。
01956315180896e719d38125225c312e,财经,全国居民人均可支配收入实际增长与经济增长基本同步。
db30d659de90cc871dd7305985e9b02f,财经,社会消费品零售总额同比加快恢复，服务消费反弹力度显著。
7546015df8840f2913457a48b1d9e184,财经,多地发行新增专项债，资金重点投向新基建、新能源与城市更新项目。
f43c16d3576daccfff9bb8dc296ccc51,财经,商业银行净息差持续收窄，银行业加大中间业务拓展力度。
831818a3947258ba33e4be533d7bb356,财经,多家上市银行披露年报，不良贷款率保持稳定，资产质量总体可控。
7c00065dc7fb1cabebce4c36667de660,财经,保险行业原保费收入稳步增长，健康险与养老险业务恢复较快。
db29224c684a69dd7c72ff27655210e9,财经,公募基金新发规模环比回升，债券型基金仍是发行主力。
bdcaa834abd1714f47846e418d628771,财经,私募基金备案数量增加，硬科技与消费升级领域获重点布局。
3a6a2ba14c83a36990969dd0a44f5dc7,财经,北向资金单周净流入创近期新高，消费与金融板块获加仓。
42724c8691e0f4a758ff925950d7aeeb,财经,A 股日均成交额明显放大，市场风险偏好有所回升。
a61ee11314f44c147236a78d595b4588,财经,沪深两市融资余额持续增加，杠杆资金入场意愿增强。
b927175ba0cb6fae9d77bae450063722,财经,科创板做市商机制平稳运行，市场流动性与定价效率进一步提升。
54fd685d199b65c79287970a198f1889,财经,北交所上市公司数量稳步增长，专精特新企业融资渠道持续拓宽。
9b52201aeb414321191b1658491a3d36,财经,港股市场震荡反弹，科技互联网与金融板块领涨主要指数。
a060f6787521dad9a7d31d46c37fe6c8,财经,美股三大指数走势分化，市场聚焦美联储降息时点预期。
98ef30f886cbe6c291c793baad21c26a,财经,国际金价再创历史新高，避险需求与实际利率下行共同支撑金价。
481f8b63decd7ecd77729ab9a66da33c,财经,国际原油价格震荡上行，全球供给收紧预期持续发酵。
c653dd2d3c9341b560d89744553ca3c0,财经,国内大宗商品指数小幅走高，工业品与农产品板块轮番表现。
e8d759b323b08079ef4f83d3110ae97e,财经,长三角地区经济复苏领跑全国，工业生产与外贸出口同步改善。
5304dd79eeeaf6c916da1ce8db6cc7a5,财经,珠三角外贸进出口快速回升，机电产品出口占比持续提升。
475982877e119709d526db88c62974f0,财经,京津冀协同发展项目加快落地，区域产业转移有序推进。
e9f236792228d33491b76ba25f699cad,财经,中部地区固定资产投资增速领先，制造业与基建投资共同发力。
8cf067982a1061aab710be52c106c6b3,财经,西部大开发重点工程开工提速，能源与资源类项目投资加大。
d3982ff14802be8485fbcb338ebf84f4,财经,东北三省工业企业利润改善，装备制造与农产品加工回暖明显。
7d3e91d8503c48a3ca465e0d8a050cf2,财经,房地产开发投资降幅收窄，多地优化限购限贷政策提振市场信心。
6d3e3f1be81ac024e7d027ada55ebd65,财经,重点城市商品房成交面积环比回升，二手房市场活跃度有所提高。
2a50093b77f636526f281559ea7ee43d,财经,房企融资环境边际改善，信贷、债券、股权三支箭持续发力。
c94cd26be9669c3ae73abd3fa490926c,财经,住房租赁市场政策加码，专业化规模化住房租赁企业加快发展。
946ccbc0564ec7eb2d7294dfc9426624,财经,新能源汽车销量保持高增长，产业链上下游企业利润持续修复。
e588b12640f63dc4da05e12ecdca485f,财经,白酒龙头企业提价落地，高端酒批价逐步企稳回升。
07324ac17d86477ab12cb8bb2067caf1,财经,乳制品行业竞争加剧，企业加大线上渠道与新品推广力度。
690268146b08feae5dc899d0c81d3415,财经,餐饮行业营收快速反弹，连锁餐饮门店扩张速度加快。
8642272ca49fd6c444b63dec3923b4f1,财经,旅游市场暑期预订火爆，景区门票与酒店入住率大幅提升。
b05d9a5f92f8e526ef5cf9fee5626096,财经,快递业务量持续创新高，电商大促与跨境电商带动行业高增。
6417dd0dac08430ead6f7f02b6e2ffc7,财经,纺织服装出口订单回暖，企业利润率随成本下降有所改善。
e07b2ee14c3f1ae2a154600ca5152951,财经,钢铁企业盈利水平修复，下游基建与制造业需求逐步释放。
7d8c9557a698304460a9106323ca9759,财经,有色金属行业库存去化加快，铜铝价格受海外宏观影响波动加大。
8b0e69d545615f4b7d98c18e7d35ec7f,财经,化工行业分化明显，化纤与精细化工品价格相对坚挺。
26f8a6d58f9e5a295ad0ac9d8742a865,财经,水泥市场进入旺季，价格随工程项目开工率提升而上调。
b2bfc987efdc19528b57b1c2c42eddd3,财经,光伏产业链价格企稳，海外装机需求支撑组件出口高增。
8e3400edc749ba5a99125a48cc368e13,财经,风电装机量持续提升，整机企业订单交付节奏加快。
3c757333161664bb0fcd88f275a1cc1c,财经,煤炭市场供需总体宽松，电煤长协履约率保持高位。
a6d80a6017c0ff763ce97f96d56844c1,财经,电力企业营收稳步增长，新能源发电占比持续提升。
4a3eb3d789ff61415f58a2f8b39b7258,财经,农业板块景气度回升，粮食价格保持基本稳定。
e1dbb4753721f8b6c139d6c8b65f3a90,财经,生猪价格阶段性反弹，养殖行业亏损局面有所缓解。
0c7686f634c9c68f0a58054c2ebae1f6,财经,冷链物流市场规模扩大，生鲜与医药流通需求持续增长。
001538a1b713e25192790c00631c6698,财经,供应链金融业务快速发展，助力中小企业缓解资金压力。
ebd39210138b84e30f627baad9436da2,财经,跨境人民币结算占比提升，外贸企业汇率风险管理需求增加。
5b28d1a4f5512ad8d6b944413a93cd2e,财经,自贸试验区制度创新持续深化，跨境服务贸易开放再提速。
60e09b00c6cfd8352d04ef202764a539,财经,一带一路沿线贸易额稳步增长，基建合作项目落地加快。
608a2212b89bd080381df84fbb34e331,财经,服务贸易逆差收窄，运输、旅游与知识产权服务同步改善。
ccd0f9f65c62b29b8187a6fb4b23447e,财经,数字贸易规模快速扩张，云计算、大数据服务出口增长显著。
d3be2f9ab22363718a39773864b7a178,财经,平台经济营收恢复增长，广告与电商业务成为主要增长点。
7b9dfff802933452ae30fbe4e333076e,财经,养老产业市场空间扩大，养老金融产品供给持续丰富。
7140b5f34f262281e9b2beaa2593564f,财经,医疗健康行业融资活跃，创新药与高端器械获资本青睐。
427e80ed4117f844525f3e009a439e93,财经,职业教育政策持续利好，民办职教机构转型步伐加快。
de9bd4018c50ff67022e18e74874c2cd,财经,广告市场回暖，品牌广告与效果广告投放同步增加。
182ac3f4eb0cb3ac0a2789e7c78b6d4b,财经,会展经济快速复苏，大型展会带动住宿餐饮等消费增长。
ca2e85049b92307146c3fc1f5b2b94db,财经,奢侈品消费回流明显，境内门店销售额占比进一步提升。
beb3da9978060306fc1d6f144acd73ae,财经,便利店与社区团购加速渗透，线下零售数字化转型深化。
0441f155658234d589677a0da45c5e45,财经,家居行业营收改善，地产竣工链带动家装与家具消费。
d935b5215b0bc5aa9236b955cbb0f28e,财经,工程机械销量边际回暖，出口需求成为重要支撑。
14cd980fa13fccb740064106ddfd9bef,财经,汽车零部件企业海外订单增长，全球化布局步伐加快。
5d4ec66264d89f2aa0d6ed3a02624248,财经,医疗器械国产替代加速，头部企业市占率持续提升。
e09bc46e81a753c7a13412c6c0b0194c,财经,环保产业需求释放，污水处理与固废处置项目落地加速。
30ba3cfdfc0254cd95be3c0683fd05f5,财经,绿色金融规模持续扩大，碳中和债券发行量稳步增长。
b9107c85a05bb7b2db591e72cfca3711,财经,ESG 投资理念加速普及，上市公司信息披露质量不断提升。
232289fa9d7f8a5535a4c24677d16da6,财经,创投市场一季度融资额回升，早期项目获更多机构关注。
4d732508e256529f59c011bc7de57f28,财经,并购重组市场活跃度提升，国企整合与产业升级成主流。
1359f26ddf4184e99d786a2c4e390ef6,财经,上市公司回购增持增多，释放维护市值与长期发展信心。
09add3617a0e4e547bb309797bcda719,财经,新三板市场流动性改善，创新层企业估值逐步修复。
660f3fd6a2d9a714b057dcb69d818cb4,财经,商业地产租金企稳，写字楼与购物中心去化速度加快。
8fa6926f593548b77e87db31c778347f,财经,城市更新投资加大，老旧厂区改造与商圈升级同步推进。
0e5b12a1fbb4f49a2619bf331090d3e7,财经,人力资源服务市场扩张，灵活用工与猎头业务需求上升。
9e9d3c407bf4da1558712b45fe30eec1,财经,第三方支付行业监管趋严，机构加速向合规化转型。
b0b38cd0c7ff10fac2570faf2d5f2e87,财经,期货市场成交活跃度提升，企业套保参与度明显增加。
93448d6b37bdda7ac0555ca264a8287d,财经,外汇衍生品需求增长，外贸企业加强汇率波动风险管理。
1c240ac637aeff00ccb3edeb1fa0e37f,财经,黄金珠宝销售回暖，线下门店客流与客单价同步提升。
4cc00ab23997d90cc352f39cd4a7ca00,财经,烟草行业利税保持稳定增长，为财政收入提供有力支撑。
4ee1bca7fc548e680bca35f1b2727f37,财经,盐业市场改革深化，食盐价格保持平稳有序。
9563f128bd4b501ba28c75cfd73b5162,财经,礼品与节庆消费升温，节日经济带动相关品类销售增长。
26f5ea00a0de959dbd0a9555bc9fb672,财经,再制造产业政策支持力度加大，循环经济模式加速推广。
8ddf3a5b8783414c8c1870c41687fd3a,财经,稀有金属供需格局偏紧，新能源产业需求支撑中长期价格。
a7a5ff2a92e6c9ff2cd1902b8e94baa1,财经,林业产业稳步发展，生态产品价值实现机制不断完善。
bb8993e5958d1349ab0624f955be3047,财经,渔业生产稳定，远洋捕捞与水产加工企业盈利改善。
6b9ed1d3f8420cd2b57f1069ef0201db,财经,母婴行业消费趋于理性，高端与高性价比产品并行发展。
1a6ba307c7976d66053ea5bba9e407e0,财经,宠物经济持续高增，食品、医疗与用品市场规模快速扩大。
8a4d9cceb27d484d0a327f2bec5c5234,财经,摩托车行业出口保持高增长，大排量车型国内需求提升。
879b16d3fce6478c0f402e690676de45,财经,仪器仪表行业进口替代加快，高端制造需求持续释放。
6944790cddcdcbaf154131485f7baf16,财经,包装印刷行业需求回暖，食品与快递产业链带动订单增长。
e3819ef4c8a694d1a1a2a9ea0b9ebb4a,财经,橡胶行业盈利改善，轮胎企业出口订单持续增加。
0ba6f5eab21dfa0efaa4f641fcb1257d,财经,面板行业周期见底，下游消费电子需求逐步修复。
c9102555e8c5aa24da21126baf481f93,财经,纸业市场价格低位运行，行业落后产能持续出清。
a9b3d6047c9b67b28b2d604d2c3ec671,财经,农业银行推出类 ChatGPT 的 AI 大模型应用 ChatABC，在智能问答、智能客服、辅助编程、智能办公、智能风控等多个领域同步进行试点。
259c9c06de11b4393dc942d372478653,财经,国信证券深入研究 AI 大模型的运用，目前内部落地以赋能员工工作效率提升为主。
515d4ae42d08bfa33bd3d9326e765f21,财经,"工商银行 ""工银智涌"" 金融大模型规模化落地，覆盖对公、对私、风控等 500 + 场景。"
5b06ca3747a20335db3365be7f3625b6,财经,招商银行打造全栈自研大模型体系，落地零售、对公、风控等 800 + 场景。
0ab43db93c627148deac6fc60cabe3ed,财经,国泰海通君弘灵犀大模型获信通院金融大模型评估 5 级最高等级，为行业首家。
be57e5e6c2c2c8f3fa8a970c380ea134,财经,恒生聚源联合阿里云推出 AIDB 数据库，上线金融综合问数 MCP，100 + 机构接入。
9aeeaf4b9e414d62547318d731289094,财经,邮储银行依托大模型提升数据中心智能运维效率，告警排查自动化率达 87.5%。
1741a3f317004eb021c4caa81483357e,科技,平安人寿用 DeepSeek 大模型与 RAG 技术搭建 IT 事件智能处理系统，月均处理咨询 2 万次。
6af12adcdaa0896303e6a4aa365aadba,财经,央行 2026 年科技工作会议明确，稳妥有序推进金融领域人工智能应用，强化数据安全。
9ad998767903915d07e0cb2d7082ac9a,财经,大模型重塑投研服务，将原本依赖人工花费小时级的资料查询整理等工作缩减至分钟级，同时基于市场资讯、研报等专业材料的预训练之后，智能投顾理论上也可以实现基于自动化分析，从而实现思考维度更全面、逻辑推理更稳定的分析结果。
4b6a217c2979625277fe3a9566adf7c7,财经,金融大模型落地核心痛点为工程化问题，相关技术厂商的生态能力至关重要，只有更为开放互通的行业生态，各方才能共同实现社会的智能化水平提升。
883055940ccccf00b692c8b162d98126,科技,"OpenAI 战略转向商业优先，进一步确认行业主线，2026 年 2 月解散内部 ""使命对齐"" 团队，同步下调算力支出目标、明确 2030 年总营收目标超 2800 亿美元，消费者与企业业务贡献均衡。"
c8ff6d803405cc9975fac40f4101f85f,科技,Bloomberg 推出 AskB 对话式 AI Agent，融合专有数据，将研究效率提升至分钟级。
07838d41adce2942a82402aaa132b0c5,财经,江苏银行用大模型优化供应链金融风控，提升中小企业信贷审批效率。
f741c9cbb1d3ce9654416c92b4877590,财经,重庆农商行依托大模型升级智能客服，降低普惠金融服务成本。
bc124172332ce1a80b83e706f66e440b,财经,中信建投证券用大模型赋能行业研究，提升研报生成与市场分析效率。
36705f74d626bb35e341a140dc449a27,财经,魔数智擎 ME 智能建模平台融合大模型，在金融精准营销、风控场景规模化落地。
6e0fdafccf9049d613f226ec9c6162b2,科技,"建行 ""授信审批全流程 AI 应用"" 自动化率超 90%，1 分钟生成评级审查初稿。"
66de7ea5b3d4c011baca6daf641c20cb,科技,招行 AI 贷后预警较人工平均提前 42 天，主动识别企业潜在风险。
088d69e6ca4c554f167f560c25fa524f,财经,"中行 ""中银科创夸腾系统"" 服务超 1 万家科创企业，多维画像赋能信贷决策。"
5098bd8103a4c0e47f33507a0ef56ed9,财经,六大行 2026 年金融科技投入超 1300 亿元，AI 风控深度嵌入信贷全流程。
05eb11d1622b8f1e6c66a4bb120d438f,科技,农行数字化信贷工厂 3.0 上线，AI + 卫星遥感实现农户贷款分钟级审批。
1d3b323e8242eca1eee6556881cb8fba,科技,建行 AI 农村信贷风控模型覆盖 1.2 亿农户，贷款不良率控制在 1.8% 以下。
a08c1fb8c9eb6abe38c8c0993c9ec65d,科技,招行多模态 AI 理财顾问试点用户超 200 万，实现个性化资产配置实时推荐。
f9809d905d9a5ce43673bad64390a42b,财经,央行推进数字人民币智能合约，在供应链金融、补贴发放等场景落地。
aee267d31b720d6c7713987cb26400fd,科技,国泰海通上线大模型面客服务，推出多模态 AIGC 智能盯盘，实现秒级异动捕捉。
1e5e01f037efb2a85ede9c98e2ddb3db,财经,行业首份金融大模型应用能力评估标准发布，规范大模型在风控、投研等场景应用。
cef10f5eb2ceea8b4fddbaaad4e1a546,科技,中国民航局预测，2025 年中国低空经济市场规模将达 1.5 万亿元，2035 年有望突破 3.5 万亿元。
5957cc2e07e92465f3328b0fc35b2061,科技,"低空经济连续两年写入政府工作报告，2026 年纳入 ""十五五"" 规划建议，定位为新兴支柱产业。"
a364e1726597b8af6e2fd201bb1494cc,财经,广汽高域推出首款量产级飞行汽车 GOVY AirCab，进入适航审定并完成样机交付。
a12401d11575be4ca7616a20815cbb15,科技,"深圳龙岗建成 182 个起降平台、217 条航线，""一网统飞"" 平台集成 16 种 AI 算法。"
4990b93a0405da00806cc36dafbf7afc,科技,广州规划新建 100 个以上常态化起降点及 5 个枢纽垂直起降场，打造低空经济标杆。
0e11bacb0e449437971701459450cb08,财经,"南京建成 6 个 ""水上外卖"" 配送点位，覆盖 50 公里长江航段，拓展低空物流场景。"
faa8353b585c0c600facf0a1c51b0d5a,财经,河北部署 110 部测风激光雷达，建成国内最大低空风场组网探测区，保障飞行安全。
b855ff7106d301bc87ecded0077c9dd0,科技,全国地市级低空基建项目总投资超 300 亿元，融合 5G-A、北斗构建低空智联网。
7fbdf9d2eabc18a34a40a48b8e7bb9d0,科技,新修订《民用航空法》增设低空经济专章，2026 年 7 月施行，明确 300 米以下空域分类管理。
2897bff47dcb9bc3e51c417c51487531,科技,10 部门联合印发《低空经济标准体系建设指南》，2030 年前制定超 300 项标准。
4a1c85c954d29a40681871d3f357bccf,科技,无人机两项强制性国标 2026 年 5 月实施，要求实名登记、电子围栏、数据全链路追溯。
d19bee1fcbeeeabcc41609f5942e6296,科技,低空保险新政出台，2027 年起 15 公斤以上无人机强制投保，建立快速理赔通道。
4affbc29d743661a441866e107fb799a,科技,浙江规划新增 100 条无人机航线，省级财政给予专项支持，推动低空经济常态化运行。
d637bdeb4e1d3f8f257cbc455204c6a3,财经,"沃飞长空发布 ""百亿供应链机遇清单""，推出 ""峨眉山"" 航空电动发动机与 ""大渡河"" 动力电池。"
f851bcc83e3a9c0a0633f6670897c815,财经,亿航智能 EH216-S 过渡生产线在贵州安顺试产，行业进入批量制造新阶段。
05a151e1977b0912a14386b45dc119c8,财经,峰飞航空确认订单达 300 架，沃飞长空与华龙航空签署 50 架订单，商业化加速。
c335391fd91c04c1b60b1a0129f481b0,科技,深圳龙岗举办低空经济创新发展大会，签约华为、层林资本等，落地 12 个产业项目。
d1c230e3bffe6749ad8656b0006008c5,财经,"青岛发布 ""青岛造"" 低空芯片，空天动力研究院牵头攻关核心技术，助力产业换道超车。"
d86b07f994acf497c0861166a91fcf65,财经,河北邯郸成立 3.01 亿元低空经济产业基金，聚焦核心部件国产化与量产配套。
c2d94da69e122c189f22a6a98615476a,科技,英国 Vertical Aerospace 完成近 8 亿美元融资，推进 eVTOL 商用化落地。
a678bb5d5590ce0cde3127b7e9488821,财经,边界智控完成超 1 亿元 B 轮融资，主攻低空智能导航与安全管控系统。
64b10b8dd9b0f36c39882eaece26e416,科技,新疆通航成立星翼低空经济公司，注册资本 3000 万元，布局无人机制造与运营。
60c6d998fcf4213de5161c3490e730b8,财经,低空动力电池加速迭代，瞄准高安全、长续航、快速补电，支撑商业化大规模应用。
4e02ca9f29069655d2d3a039fefa0bc8,财经,低空应用场景持续拓展，覆盖基础设施巡查、应急救援、医疗救护、农业植保等 6 大领域。
a5b77ef12d3547fb5756a4df35f40142,财经,"广深 ""半小时湾区商务圈"" 落地，跨境电商低空智能通关提升贸易效率。"
5375433c181e60c51b11fc44604616f1,科技,深圳龙岗完成全国首个低空数据产品交易，推出低空航线安全评估服务，激活数据要素。
c32d920e272ff79a1c7b755612cd4861,科技,"低空经济 ""十五五"" 规划发布，明确到 2030 年建成全球领先的低空产业生态。"
428bf7e7394dec130dc70ff489cbcac0,财经,粤港澳地区开展跨境低空飞行试点，为大湾区一体化发展提供示范。
f72300104dcb198dc083c124f7ffca60,科技,"成都加快低空动力产业园建设，拓展 ""低空 +"" 场景，推动产业高质量发展。"
b7450f052fbba1819a2d6a89ce59511f,科技,低空经济标准体系建设进入攻坚期，统一基础设施建设与运行标准，破解区域壁垒。
597c47f015c9778a6cc5db2ca7e75ec1,科技,2026 年 1-2 月国民经济开局良好，规模以上工业企业利润总额同比增长 15.2%。
fdbec48f6c67b9dbcc7704bfeb798bd7,科技,央行 2026 年第一季度例会明确，实施适度宽松货币政策，加大逆周期与跨周期调节。
650860318581cbdad5c19140475827b0,科技,2026 年前两个月，人民币贷款增加 5.61 万亿元，社会融资规模增量达 9.6 万亿元。
45014d36c20b81d3143d76d939835fd1,财经,截至 2 月末，M2 同比增长 9%，M1 同比增长 5.9%，货币信贷总量合理充裕。
8d490d3e4b5fc3e7eaeed6ecea29158a,财经,3 月中国大宗商品价格指数为 129.9 点，环比上涨 4%，同比上涨 14.5%。
c1c73df7101dca47983ebc666109465c,财经,龙源电力海南启源海上风电项目首批机组并网，50 兆瓦装机年发电量预计 1.5 亿度。
333ad6b90b5e0ba4cd18b10def28bb65,财经,2026 年一季度港交所 40 家公司 IPO，募资金额近 1100 亿港元，同比增长 489%。
74507df3cf2d310b54a73312d623d623,财经,中金公司香港稳居 IPO 保荐数量首位，一季度保荐 15 单，中信、华泰金控并列第二。
bad3baedf4a028cae4b4362be7d5872a,财经,3 月末我国外汇储备规模 33421 亿美元，较 2 月下降 857 亿美元，降幅 2.5%。
1d48b626479ca4f66c761dc7d7c540b0,财经,央行连续 17 个月增持黄金，3 月末黄金储备达 7438 万盎司，环比增加 16 万盎司。
a623cff5ef11d294271bf75f5fc66cdc,财经,美国宣布对进口专利药及制药成分加征 100% 关税，推动产业回流与价格谈判。
98558cf24a9314a68de4841068011db0,财经,1-2 月全国固定资产投资同比增长 5.8%，新质生产力领域投资增速达 18.3%。
5589ed4f5a49600d995eba52384df021,财经,3 月官方制造业 PMI 为 51.2，连续 6 个月扩张，经济复苏动能持续增强。
dfdbd43681ea2fb1ec4d17ba63d0546e,财经,全国人大常委会审议通过《2026 年国民经济和社会发展计划》，聚焦高质量发展。
746080c38db10d229562fcf415f80706,财经,一季度全国新登记市场主体 580 万户，同比增长 12.5%，民营经济活力提升。
0820e47f159cfb84a2be2bcd3926832a,财经,央行加大对小微企业信贷支持，一季度普惠小微贷款余额同比增长 23.6%。
7513814a0c025f2e3e07a4686439de67,财经,3 月全国居民消费价格指数（CPI）同比上涨 0.8%，物价总体平稳。
44ddf30549fbd782391026e43dcc87d9,财经,工业企业产能利用率达 78.5%，同比提升 2.3 个百分点，生产恢复态势良好。
dd3906aff76b318d298d9c06844c9227,科技,粤港澳大湾区出台专项政策，支持低空经济、数字经济等新兴产业融合发展。
caa058a115db6ed5c3f7e33dade80e69,科技,国家发改委发布《2026 年重点产业支持目录》，将 AI、低空经济等 12 个领域列为重点。
d03b0d619934ddaf552dd5662a0cf754,财经,A 股 2026 年一季报启幕，海光信息、沃华医药率先披露，48 家公司预喜比例达 81.25%。
ace7f6309486594b60d73576dc8c9c4e,财经,天华新能预计一季度归母净利润 9-10.5 亿元，同比增长 27517.53%-32120.45%。
f91ec4ba1c3eeee5948f20cc56d35967,财经,中国铝业预计一季度净利润 53.02-55.85 亿元，同比增长 50%-58%。
4f46e2153c89bdb461909fb2e81cc382,财经,中伟新材预计一季度净利润 5.3-5.9 亿元，同比增长 72.32%-91.82%。
2ad069ed56593c0432f848b9c06a52d4,财经,3 月港股科技 IPO 活跃，4 家硬科技公司同日上市，融资规模超 200 亿港元。
b69831101d90c169935e143083adae53,财经,恒生指数一季度下跌约 2%，但交易活跃，首两月日均成交额超 3000 亿港元。
80c1aae5c2fe07e18d7fc15998017fc0,财经,3 月美股反弹，道指涨 2.96%，纳指涨 4.44%，德国 DAX 指数涨 3.89%。
1423781064a3dce959ae925660a5ae2e,财经,现货黄金突破 4600 美元 / 盎司，创历史新高，一季度累计涨超 8%。
8293c6eaee29ef66b348ac99beb00217,财经,WTI 原油突破 103 美元 / 桶，创近期新高，地缘冲突推动油价高位震荡。
0778d702ec9910210f4c459a61a0c4a5,财经,半导体、有色金属、基础化工行业领衔一季报预增，24 家公司净利润增幅超 100%。
67c5522c5c968801dd25717b37b0a1f0,财经,东岳硅材预计一季度净利润 1.83-2.03 亿元，同比增长 397.02%-451.34%。
32a73fee4dd1e1e8a68264436832cf50,财经,3 月债券市场震荡，10 年期国债收益率下行 0.28BP，10Y 美债收益率下行 8.73BP。
f4f6da150d6f0358b5e73f1908415605,科技,基金市场分化，权益类基金聚焦 AI、低空经济等赛道，业绩表现亮眼。
6dc06b5ba986c4f3c70b00eeaeb0ccd7,科技,保险行业加大科技投入，大模型在理赔、核保场景落地，效率提升超 50%。
fb593be2b4a977603dbaa188e20573a8,财经,房地产市场持续回暖，广州、深圳豪宅成交量同比增长 35%。
b8c3e8a7b471ffc2476f0a39c34bccbe,财经,跨境投融资保持平稳，一季度外商直接投资（FDI）同比增长 8.2%。
ae2a351ae3cbade81de69563526ac468,财经,银行理财子公司规模突破 25 万亿元，净值型产品占比达 92%。
bc10b557a59d08dfc0e91ac60bc2ce13,科技,券商加大财富管理布局，大模型赋能投顾服务，客户资产规模同比增长 19%。
5e0a9e38cc0c1202a7583d41590cb9ea,财经,新能源产业链业绩兑现，一季度动力电池、光伏组件企业净利润平均增长 65%。
c4e6acb2f373f12cd93dec8da02f6f24,财经,科创板做市商制度扩容，新增 50 家做市商，提升市场流动性与定价效率。
17d7dda0ae72c42fd222ee0f1b893c0f,娱乐,肖战、魏大勋、胡先煦主演《十日终焉》开机，耗资2亿，《流浪地球》特效团队加盟，计划三季连拍。
ca31a36b51643c3d0a335abe81b5a4a1,娱乐,王楚然、辛云来主演《明月录》杀青，沉浸式剧本杀特辑，两世情缘设定，预计暑期档上线。
bcb83a8ea8bfda0617e9a1947e0c4ee2,娱乐,古偶剧《月鳞绮纪》零预热上线热度爆表，开播52小时热度破万，抖音话题播放量超60亿。
84c7dc623972e06cedc575b6ea750e82,娱乐,《楚乔传2》正式官宣开机，赵丽颖、林更新原班人马回归，续写经典故事。
94aa893d22f20f8d302b0000c61ceea2,娱乐,清明档总票房破3亿，《超级马力欧银河大电影》以6000万票房领跑，文淇新片成黑马。
00020d1527f66bdb56c36f0729d60ef2,娱乐,国产动画《哪吒2》票房再创新高，超越《泰坦尼克号》，跻身全球票房榜第四位。
000482dcc2bbab98230a62e06cd6f317,娱乐,剧版《哈利·波特》发布首支预告，定档圣诞节播出，引发全球粉丝怀旧热潮。
477f9228b6986c41b0743a72412c26a7,娱乐,迪丽热巴、陈飞宇主演《白日提灯》海外口碑佳，IMDB评分达8.1分。
24474805c444d2f87670a6a9ac667f24,娱乐,赵露思、丁禹兮主演《恋人》未获发行许可证，招商停滞，播出时间待定。
9c6d3d05b341b2f7fce2b80dddc8de93,娱乐,《冰湖重生》上线翻车，被称《楚乔传》续集，剧情老套、女主演技遭吐槽，豆瓣差评扎堆。
39037705ea579557c413bf49e1c9d489,娱乐,周迅、辛芷蕾将合作陈可辛新电影，4月底开机，聚焦女性成长故事。
eec786fe6be9c54348379c70bb12d045,娱乐,李现新剧《雾里青》对标《流金岁月》，造型团队为《嘉人》级别，备受期待。
0c06c392ec04513d4a09020b6199f804,娱乐,第98届奥斯卡金像奖举办，《一战再战》斩获六项大奖，成最大赢家。
4b0225b7ff01cdb6ebddbfedfdb73028,娱乐,唐嫣亮相戛纳电影节，称《繁花》中汪小姐是人生角色之一，突破过往形象。
f4596d14697ab8d1be4e98e87e6f3270,娱乐,成龙、梁家辉携《捕风追影》主创亮相公映礼，动作大片引期待。
2cd3a22b65b448db805103fe04daa524,娱乐,沈腾成中国首位主演票房破400亿元演员，喜剧票房号召力稳居榜首。
37ac6641ed54661a070515be71cc060e,娱乐,马丽获金像奖影后提名，受访直言不太有信心，谦逊态度获赞。
b425d0012da261181db13d8ba580a57d,娱乐,2026电视剧品质盛典举办，肖战、孙俪分获视帝、视后，实至名归。
fe360cc84688fdb711dd90f116980690,娱乐,首届CMG中国电影盛典举办，表彰年度优秀影视作品与电影人。
cc55ddb5d29a8633189671a6025db1e7,娱乐,"广电总局严打古装剧""粉底液将军""现象，纠偏现代妆容失真问题。"
e8259f8c0b678872e6b92354ab4f46f3,娱乐,爱奇艺首家线下乐园预计2026年初开园，主打小型化、强互动、快迭代模式。
8613dcc65b961fcf05f524ded300d9b4,娱乐,《乘风2026》定档开播，33位姐姐竞技，李心洁、萧蔷组前三，阚清子组垫底。
47abe404bd640b609a8bc3dad4072ba1,娱乐,《乘风2026》直播风波不断，倪萍为选手破例被批破坏规则，节目组紧急改录播。
397bf68bd2030ca6aa44b17347f4656f,娱乐,《无限超越班4》名场面出圈，31岁刘海宽单膝跪地邀75岁刘晓庆演女友，年龄差引热议。
36b3f2546b718543f533a519162d8b5a,娱乐,《妻子的浪漫旅行2026》上线，金莎孙丞潇19岁年龄差恋情，冰岛求婚片段刷屏。
7fd67fd1e2b119a55d6e07f93c885038,娱乐,"《演员请就位3》收官，杨子荣获""进步蜕变演员""大奖，演技获认可。"
fb0462db5e4268f1891a4dbc20b6d723,娱乐,短道速滑冠军王濛加盟《乘风2026》，跨界综艺表现成最大看点。
e0e195ab06fc07812ea9a6cdc75df83b,娱乐,韩红录制《闪光的夏天2》，因话筒故障叫停录制，宣布暂别综艺回归音乐创作。
7c8692616d41e5f375e62f7ba0123bbe,娱乐,《中餐厅·十年拾光季》拟邀黄晓明、王俊凯常驻，预计5月播出。
6cd5c8d15442ee14b0b6d59adfc68f77,娱乐,檀健次加盟芒果新综《不想睡的星期五》，综艺资源持续升级。
7d5920ccd512231db22a9b544aa4d157,娱乐,脱口秀《不好笑就露宿街头》定档，大张伟、周奇墨坐镇，赵露思任飞行嘉宾。
585e02f50ea22d9ab29c69ad661f91c4,娱乐,音乐综艺《音你而来》第三季官宣，4月10日江苏卫视开播。
a41f380f158d821cc61e2df05b44b978,娱乐,文学生活节目《一个文学的午后》上线，抖音、江苏卫视联合播出。
cd107bd9718b7e72516cba498f42ca3a,娱乐,新人演员实训综艺《奋斗吧人生-演员篇》播出，助力新生代演员成长。
8cdc91a9836d69c967beb0b449633f15,娱乐,"《歌手2025》补位郑欣宜，凭借《女神》回归，被赞""港乐复兴标杆""。"
1d977bf97d06464ee4f6f6de4e49de16,娱乐,"李小冉《乘风2026》冷白皮上热搜，瞿颖任评委自称""上世纪顶流""。"
5aeb1b6c72d087ee9fad8b03310a8133,娱乐,吴京点赞《乘风2026》何宣林排名争议博文，引发节目公平性讨论。
3dd070e38e4c9cea0f4c1d3dabb668f5,娱乐,周杰伦新专辑《太阳之子》上线，全球同步发行，销量破百万张。
5052a6dfef51d6393406c90ab7712f42,娱乐,张艺兴、鹿晗同日庆祝出道14周年，粉丝感慨青春回忆。
724d5b6a5e3e1af364f7c7ce0b397444,娱乐,陈奕迅女儿陈康堤以爵士单曲《doll》出道，加盟华纳，获王菲女儿祝贺。
f872265ec2bab79b0d602b5686c8efb2,娱乐,张远「远行」巡回演唱会苏州站开唱，下一站五一登陆重庆。
281ad813d9e8ed1f168cbe929057c80c,娱乐,张学友演唱会破音引热议，公司回应因呼吸道感染，声音难以控制。
0609a70929398aa414ce265a1c84b21c,娱乐,李荣浩喊话单依纯侵权演唱《李白》，多位歌手发声维护音乐版权。
6191988b1adb18c5ae5144d03d9198a1,娱乐,ENHYPEN宣布李羲承退队solo，组合发展方向引发粉丝担忧。
0025ec1a524b56093e4cc6e6671ed11a,娱乐,Seventeen全员完成二次续约，队长崔胜澈承诺同舟共济。
673a74e98e325ab4c4cd32f4283fcd0a,娱乐,美国说唱歌手侃爷遭英国永久禁入，全球封杀连锁反应爆发。
ef20dde51a632561332154774ab7cfc2,娱乐,汪苏泷、王源、尚雯婕、林宥嘉官宣加盟福州音乐节，阵容豪华。
fd5c3f2a8918d399403dabb9b34bb300,科技,易烊千玺凌晨发声明维权，怒斥AI短剧盗用肖像声音，要求下架追责。
e0d5ad02e5803ccb39ada7750b289775,娱乐,刘亦菲官宣代言《三角洲行动》游戏，广告物料已拍摄完成。
5c7449fdf6e83dcadb08c9b3ded400d1,娱乐,赵今麦超短发登MiuMiu大片，造型干练突破，引发时尚圈热议。
c8a14e0617d34db3a3ce61ec87c72996,娱乐,金子涵情绪崩溃发文控诉被操控，自曝遭医美诱骗，状态引全网担忧。
6c694e7dcb91e4a02baecd7b4584ef2e,娱乐,九成美自曝与田栩宁恋爱两年，指控其孕期出轨，田栩宁方起诉维权。
fa30f6f8028b552953292c1ccda0e1b7,娱乐,宋宁峰塌房事件引爆舆论，被曝婚内出轨，承认后宣布无限期停工。
5a86b831dd1142287ac6fd95558eefad,娱乐,姚晨、曹郁宣布离婚，结束多年婚姻，双方和平分手。
ffb89d3b026516fc90a05d9a022f8e56,娱乐,马思纯透露单身状态，疑似与张哲轩分手，专注事业发展。
a87211ad8babca9fbdc136e202601c0c,娱乐,王鸥直播坦言单身，疑似与何九华分手，感情状况引猜测。
76adde66c179d843cd7e6fe13ee05839,娱乐,陈冰、陈牧驰宣布结婚生子，低调组建家庭，粉丝送祝福。
277265e728c398b3727d7df39664f06f,娱乐,刘思维官宣当爸，开心麻花演员晒宝宝脚丫，文案温柔获赞。
3e8b392c8f92c0082c2c39345d343795,娱乐,倪虹洁自曝因前夫欠债千万，被迫高强度接戏还债，引发心疼。
808617b7dc608a777e5970f5dcc760ae,娱乐,唐艺昕自曝产后因严重皮肤病停工，身体状况引发全网关心。
e982de71b53ddc7a6002b3cc25a94fcb,娱乐,阚清子《咏春》小考未脱稿被严厉批评，当场崩溃落泪，压力拉满。
aee83931382f1bd5a9441d6f7cf7cb2e,娱乐,"秦岚接受声带手术，术后音色变化，自嘲变""狼外婆""嗓音。"
d6320a9617bf598182cb02630f07473e,娱乐,黄晓明因带9岁儿子骑车上路遭处罚，公开道歉承认违规。
49bc17c16168a65534cf76d995111e9c,娱乐,49岁郭品超回山东老家过年，被网友花式催婚，幽默回应。
b6ec3167a7bfa713d480f1976113e507,娱乐,30岁郭麒麟参加德云社陶阳婚礼，接捧花被催婚，引发笑谈。
08648f4b5ab2d41fc43ab83035ebb530,娱乐,袁咏仪、张智霖庆祝银婚，结婚25年感情如初，晒照秀恩爱。
902df36e3f572559cff644fdbfd7c393,娱乐,邓超、孙俪结婚周年与生日同天，互相忘记送礼物，搞笑互动引热议。
a0aa7001fc50a67c49b365aef05e1892,娱乐,佘诗曼晒首张与周润发自拍，感慨合影珍贵，温馨氛围拉满。
6af62da6097ccd61de776e360d5c38c0,娱乐,"香港演员江华瘦成""纸片人""，身体状况引发网友担忧。"
065f4e22a2dac6984381d425b402038a,娱乐,李连杰谈过往遇险经历，坦言曾恐惧死亡，珍惜当下生活。
652e8de08dbe8513ad2b3584e75f4ab0,娱乐,惠英红卡点为宋佳庆生，姐妹情深，暖心祝福获赞。
40da67ae41d1a56cc7b2754e3f3f5146,娱乐,罗志祥告诫选秀学员爱惜羽毛，不要重蹈自己犯错覆辙。
14132d72d363d45ceb2847d839afdb4b,娱乐,中央网信办启动清朗行动，严打娱乐圈数据刷量、诱导集资等乱象。
659ff9e83a603e0dbacf7d00c17a15d4,娱乐,广电总局发布网络信息分类办法，规范娱乐内容传播与艺人管理。
d04c08b66addc89116078d145401ad31,娱乐,朴振英宣布辞去JYP理事一职，公司管理架构调整引发关注。
2116c433d26f7d14689b92b66cf380f2,娱乐,TVB首位90后视后蔡思贝离巢，北上发展寻求新机遇。
624b440b75f754eb3694c3b6936c88f1,娱乐,李玟墓地近况曝光，现场杂草丛生凌乱不堪，粉丝自发清理维护。
a8257d2bfbca3320cf245cda3d3000e1,娱乐,警方确认韩星宋再临无他杀嫌疑，遗体在家中被发现，死因待查。
e4ae5f650ea84f5f691dd53bcd37d48b,娱乐,脱口秀演员思文官宣再婚生子，晒儿子萌照，开启人生新阶段。
3100ceb0e5593117c076ff7f19444ed4,娱乐,向太自曝多次拆散向佐恋情，综艺上一眼相中郭碧婷当儿媳。
33f3fc8eb2f2b6b7b73da7619065c392,娱乐,那尔那茜学历造假实锤，主演电影《镖人》戏份被AI换脸全删。
83c61842fbe6fa094ef8df05f32e65f8,娱乐,某顶流男星被曝隐婚生子，工作室连夜发声明否认并起诉造谣者。
927428fc3e18a0dc0de41aa6ac5842e1,娱乐,某小花拍戏耍大牌被剧组劝退，临时换角导致拍摄进度大幅延后。
deb09416709e899cce3c204fcc713ff3,娱乐,选秀爱豆塌房被曝同时交往多位粉丝，大量聊天记录与转账截图流出。
7ae0819bd8e697927f3dd5d119e3480d,娱乐,老牌歌手综艺现场忘词引发争议，被质疑业务能力下滑严重。
77b5270e2fade3bb3758ea849b6fb0cd,娱乐,童星出道演员成年后转型受阻，多部待播剧积压迟迟无法播出。
9ee7bb721a407007c49e768d7bfc140b,娱乐,顶流女星时尚资源再升级，拿下高奢全球代言，官宣当日话题登顶热搜。
64b4aaa1ef5914ccedfbd0d2b68e0011,娱乐,悬疑网剧空降播出无宣发，凭借高能剧情口碑逆袭，播放量持续走高。
e6231a5e019e2f2c0882b145f5bc5142,娱乐,恋爱综艺嘉宾被曝剧本演戏，节目收官后火速分手，观众直呼被骗。
